customer_id,usual_amount_avg,usual_hours,usual_countries,usual_devices,usual_channel,account_creation_date,last_profile_update,issuer_bank,daily_limit
CU-001,1935.25,10-20,MX,D-001,web,2021-03-23,2025-11-11T00:00:00,BBVA,11622.29
CU-002,3569.56,11-22,US,D-002,mobile,2025-11-26,2025-12-25T00:00:00,BAC,10722.58
CU-003,4961.84,06-21,US,D-003,mobile,2024-12-25,2025-02-11T00:00:00,WFC,30065.10
CU-004,783.52,09-21,CL,D-004,mobile,2022-12-23,2025-11-25T00:00:00,BCI,5719.46
CU-005,3433.51,06-19,ES,D-005,web,2023-02-26,2025-11-26T00:00:00,SAN,14264.41
CU-006,1281.02,09-21,MX,D-006,mobile,2022-01-04,2025-11-08T00:00:00,BAN,6566.23
CU-007,1118.91,09-22,CL,D-007,mobile,2021-12-02,2025-11-04T00:00:00,SAN,7425.49
CU-008,1700.05,11-21,PE,D-008,mobile,2025-11-22,2026-02-14T00:00:00,BCP,7406.68
CU-009,4160.81,07-18,ES,D-009,mobile,2023-09-15,2025-11-01T00:00:00,SAN,33013.68
CU-010,3884.00,09-20,CO,D-010,web,2025-11-22,2025-12-26T00:00:00,BOG,26630.07
CU-011,462.82,07-18,ES,D-011,web,2020-08-12,2025-11-01T00:00:00,CABK,2108.10
CU-012,1693.40,08-21,AR,D-012,web,2022-01-03,2025-11-14T00:00:00,SAN,11521.77
CU-013,2850.26,11-20,PE,D-013,web,2025-11-29,2026-02-26T00:00:00,BBVA,14811.90
CU-014,1088.42,06-21,MX,D-014,mobile,2023-05-23,2025-11-11T00:00:00,BBVA,4510.40
CU-015,477.20,08-20,AR,D-015,mobile,2021-10-13,2025-11-25T00:00:00,BNA,3510.90
CU-016,4037.99,09-21,AR,D-016,mobile,2022-10-23,2025-11-25T00:00:00,SAN,30422.79
CU-017,1433.45,08-18,ES,D-017,web,2020-03-07,2025-11-08T00:00:00,CABK,7292.04
CU-018,1188.33,08-19,ES,D-018,mobile,2022-06-24,2025-11-17T00:00:00,BBVA,9338.98
CU-019,4815.99,11-19,CO,D-019,web,2024-01-24,2025-11-27T00:00:00,BAN,37964.81
CU-020,2114.08,10-18,PE,D-020,web,2025-11-28,2025-11-29T00:00:00,BCP,11515.95
CU-021,4929.69,09-20,CO,D-021,web,2024-04-02,2025-11-22T00:00:00,BOG,34912.85
CU-022,4011.89,06-21,CO,D-022,mobile,2024-03-20,2025-11-04T00:00:00,BOG,26300.94
CU-023,4066.56,09-21,PE,D-023,web,2021-08-01,2025-11-28T00:00:00,BCP,14506.91
CU-024,4631.00,11-19,CO,D-024,web,2023-10-16,2025-11-17T00:00:00,DAV,36961.25
CU-025,4830.55,10-22,CO,D-025,web,2020-09-03,2025-11-16T00:00:00,BOG,35174.24
CU-026,2082.09,06-21,CO,D-026,web,2023-06-08,2025-11-03T00:00:00,DAV,16033.48
CU-027,4870.95,07-19,US,D-027,mobile,2025-11-17,2026-02-04T00:00:00,JPM,20074.87
CU-028,3589.68,06-22,ES,D-028,mobile,2025-11-22,2025-11-28T00:00:00,CABK,22572.14
CU-029,2884.71,09-20,CO,D-029,mobile,2024-03-22,2025-11-27T00:00:00,BOG,20118.13
CU-030,2562.92,09-18,MX,D-030,mobile,2024-03-04,2025-11-17T00:00:00,BBVA,20433.53
CU-031,2402.73,11-22,AR,D-031,web,2023-09-05,2025-11-29T00:00:00,BNA,13848.91
CU-032,2904.23,09-18,ES,D-032,web,2024-05-23,2025-11-03T00:00:00,BBVA,16798.08
CU-033,4687.16,07-20,AR,D-033,mobile,2021-06-23,2025-11-27T00:00:00,GAL,34623.42
CU-034,3729.77,06-18,CO,D-034,mobile,2024-10-23,2025-11-03T00:00:00,DAV,27359.21
CU-035,4574.88,07-18,ES,D-035,web,2023-01-08,2025-11-14T00:00:00,CABK,21456.08
CU-036,1940.36,07-20,PE,D-036,mobile,2024-06-26,2025-11-22T00:00:00,BCP,6183.42
CU-037,4130.74,11-20,ES,D-037,web,2020-08-21,2025-11-12T00:00:00,SAN,21836.44
CU-038,4225.91,09-20,CL,D-038,mobile,2023-02-10,2025-11-19T00:00:00,BCH,21104.64
CU-039,2224.25,07-19,MX,D-039,mobile,2024-07-09,2025-11-21T00:00:00,BBVA,8600.00
CU-040,866.54,07-18,MX,D-040,web,2020-07-05,2025-11-29T00:00:00,SAN,2806.36
CU-041,2873.58,08-22,AR,D-041,web,2024-12-05,2025-01-20T00:00:00,BNA,13095.10
CU-042,4899.60,10-21,US,D-042,mobile,2025-11-19,2025-12-27T00:00:00,JPM,26082.38
CU-043,3283.89,07-19,AR,D-043,web,2023-02-20,2025-11-10T00:00:00,GAL,25178.18
CU-044,2555.10,10-22,ES,D-044,mobile,2021-01-27,2025-11-24T00:00:00,BBVA,14990.35
CU-045,729.65,10-20,CO,D-045,web,2025-11-26,2026-01-31T00:00:00,BAN,5695.61
CU-046,4536.22,09-22,MX,D-046,mobile,2021-03-18,2025-11-23T00:00:00,BBVA,28481.17
CU-047,1988.44,07-19,AR,D-047,mobile,2022-09-07,2025-11-26T00:00:00,BNA,9428.55
CU-048,4689.58,09-18,MX,D-048,web,2020-04-10,2025-11-24T00:00:00,SAN,37294.01
CU-049,2121.83,07-18,CL,D-049,mobile,2024-12-17,2025-02-09T00:00:00,BCH,14215.29
CU-050,1267.36,11-18,PE,D-050,mobile,2023-09-22,2025-11-27T00:00:00,IBK,6268.37
CU-051,153.10,06-20,ES,D-051,web,2023-04-19,2025-11-21T00:00:00,SAN,683.75
CU-052,1710.46,08-22,ES,D-052,web,2020-07-13,2025-11-10T00:00:00,BBVA,5623.64
CU-053,2792.69,10-20,CL,D-053,web,2022-11-18,2025-11-09T00:00:00,SAN,20064.97
CU-054,4347.66,11-22,US,D-054,web,2021-11-26,2025-11-05T00:00:00,JPM,14887.21
CU-055,4934.53,10-18,AR,D-055,mobile,2020-07-25,2025-11-04T00:00:00,GAL,32276.30
CU-056,2460.17,09-20,US,D-056,mobile,2022-07-03,2025-11-13T00:00:00,BAC,13145.43
CU-057,375.89,09-22,CL,D-057,web,2020-03-13,2025-11-25T00:00:00,BCI,2025.51
CU-058,506.17,06-22,AR,D-058,mobile,2023-05-16,2025-11-11T00:00:00,BNA,2158.79
CU-059,3507.51,06-19,CL,D-059,web,2020-01-21,2025-11-22T00:00:00,BCI,26326.63
CU-060,322.69,09-19,AR,D-060,mobile,2023-05-08,2025-11-04T00:00:00,GAL,1594.52
CU-061,1224.03,09-21,MX,D-061,web,2023-11-22,2025-11-17T00:00:00,BBVA,5566.45
CU-062,4087.60,09-22,MX,D-062,mobile,2022-06-18,2025-11-15T00:00:00,BBVA,20810.85
CU-063,4670.37,07-20,MX,D-063,web,2020-06-01,2025-11-15T00:00:00,BBVA,22808.66
CU-064,3772.93,06-20,CO,D-064,web,2024-01-02,2025-11-01T00:00:00,BAN,12382.29
CU-065,4337.14,06-22,CL,D-065,web,2022-05-23,2025-11-05T00:00:00,SAN,31436.62
CU-066,1312.01,11-18,AR,D-066,web,2022-04-01,2025-11-02T00:00:00,SAN,4680.97
CU-067,3390.71,07-20,CO,D-067,mobile,2023-01-22,2025-11-27T00:00:00,BAN,20173.98
CU-068,2452.23,10-22,AR,D-068,mobile,2025-11-25,2026-01-14T00:00:00,SAN,9028.76
CU-069,171.27,11-19,US,D-069,mobile,2022-03-02,2025-11-25T00:00:00,BAC,899.95
CU-070,4561.31,11-19,CO,D-070,web,2024-04-10,2025-11-17T00:00:00,DAV,31220.29
CU-071,424.56,10-19,AR,D-071,web,2021-11-11,2025-11-19T00:00:00,SAN,1547.27
CU-072,727.42,08-21,ES,D-072,mobile,2020-03-03,2025-11-29T00:00:00,BBVA,4371.56
CU-073,1196.86,10-22,US,D-073,mobile,2021-06-21,2025-11-01T00:00:00,JPM,6348.02
CU-074,1111.04,07-18,AR,D-074,mobile,2024-11-09,2025-11-25T00:00:00,SAN,6821.23
CU-075,500.62,11-20,CL,D-075,mobile,2024-01-26,2025-11-01T00:00:00,BCH,2996.91
CU-076,4932.66,11-19,ES,D-076,web,2021-10-14,2025-11-24T00:00:00,CABK,32391.53
CU-077,4486.51,11-20,CL,D-077,mobile,2024-02-26,2025-11-03T00:00:00,BCI,18898.76
CU-078,1419.29,10-21,US,D-078,web,2020-01-07,2025-11-26T00:00:00,BAC,5107.76
CU-079,4463.58,09-18,ES,D-079,mobile,2022-09-13,2025-11-15T00:00:00,CABK,29835.07
CU-080,2832.94,06-21,CO,D-080,mobile,2020-05-06,2025-11-26T00:00:00,DAV,11960.01
CU-081,2541.41,11-22,PE,D-081,web,2024-06-21,2025-11-06T00:00:00,IBK,13822.85
CU-082,4269.01,11-18,CL,D-082,web,2022-08-05,2025-11-24T00:00:00,BCI,31945.22
CU-083,2922.39,08-21,CL,D-083,mobile,2020-08-06,2025-11-25T00:00:00,SAN,16902.56
CU-084,2900.90,08-22,ES,D-084,web,2021-06-04,2025-11-20T00:00:00,SAN,19381.60
CU-085,2696.22,06-19,AR,D-085,mobile,2024-11-04,2025-01-19T00:00:00,SAN,16094.86
CU-086,1909.23,07-22,CL,D-086,mobile,2023-02-13,2025-11-02T00:00:00,BCH,7052.93
CU-087,113.28,06-20,CL,D-087,mobile,2022-01-05,2025-11-28T00:00:00,SAN,410.24
CU-088,3681.25,06-19,ES,D-088,web,2022-01-08,2025-11-22T00:00:00,SAN,13616.44
CU-089,3996.81,11-21,AR,D-089,web,2025-11-19,2025-12-25T00:00:00,BNA,16700.51
CU-090,3205.42,11-21,PE,D-090,web,2025-11-24,2026-02-20T00:00:00,BBVA,22703.98
CU-091,2251.76,11-20,MX,D-091,mobile,2020-07-15,2025-11-25T00:00:00,BBVA,16883.41
CU-092,1981.07,11-22,CO,D-092,web,2022-06-06,2025-11-07T00:00:00,BOG,9260.57
CU-093,782.43,10-18,ES,D-093,mobile,2022-04-06,2025-11-01T00:00:00,SAN,3319.42
CU-094,3745.34,11-21,AR,D-094,mobile,2021-05-27,2025-11-01T00:00:00,GAL,26615.46
CU-095,642.10,09-22,ES,D-095,mobile,2025-11-29,2025-12-27T00:00:00,SAN,3487.75
CU-096,2103.88,10-19,CO,D-096,web,2022-03-04,2025-11-26T00:00:00,BOG,12613.07
CU-097,4151.31,11-19,AR,D-097,mobile,2021-11-12,2025-11-13T00:00:00,GAL,14546.08
CU-098,1354.48,09-20,ES,D-098,mobile,2023-04-05,2025-11-08T00:00:00,CABK,5096.50
CU-099,2923.81,07-18,AR,D-099,web,2024-08-09,2025-11-11T00:00:00,SAN,10566.81
CU-100,1255.94,07-21,AR,D-100,web,2020-01-22,2025-11-19T00:00:00,SAN,6273.44
CU-101,368.33,06-19,ES,D-101,web,2025-11-19,2025-12-14T00:00:00,SAN,1315.43
CU-102,2131.07,07-20,AR,D-102,mobile,2021-11-02,2025-11-17T00:00:00,SAN,6743.20
CU-103,4572.47,11-18,CL,D-103,mobile,2024-08-01,2025-11-29T00:00:00,BCI,20063.71
CU-104,1178.48,07-22,PE,D-104,web,2020-04-09,2025-11-20T00:00:00,BBVA,8606.63
CU-105,2721.84,06-18,MX,D-105,mobile,2022-11-24,2025-11-29T00:00:00,BBVA,8662.93
CU-106,2413.13,08-19,PE,D-106,mobile,2022-02-02,2025-11-17T00:00:00,BBVA,13236.16
CU-107,3850.25,09-18,MX,D-107,web,2022-10-10,2025-11-14T00:00:00,BAN,19419.39
CU-108,224.39,09-19,CL,D-108,web,2020-09-23,2025-11-24T00:00:00,BCI,1427.00
CU-109,196.58,11-18,CL,D-109,web,2022-03-01,2025-11-15T00:00:00,SAN,1381.28
CU-110,4944.77,11-20,ES,D-110,mobile,2024-06-21,2025-11-23T00:00:00,BBVA,15155.77
CU-111,518.99,10-20,MX,D-111,web,2023-12-18,2025-11-01T00:00:00,SAN,3178.19
CU-112,1745.74,07-20,CL,D-112,web,2023-04-05,2025-11-06T00:00:00,SAN,8403.62
CU-113,4319.23,08-21,US,D-113,mobile,2023-08-17,2025-11-24T00:00:00,WFC,32276.57
CU-114,4019.29,06-19,CO,D-114,web,2020-08-02,2025-11-07T00:00:00,BAN,14858.43
CU-115,4191.16,09-19,US,D-115,web,2024-02-23,2025-11-11T00:00:00,BAC,31733.34
CU-116,676.98,09-18,AR,D-116,mobile,2020-05-25,2025-11-23T00:00:00,BNA,2068.16
CU-117,770.74,06-20,US,D-117,mobile,2024-09-21,2025-11-10T00:00:00,JPM,5542.03
CU-118,2081.47,11-19,AR,D-118,mobile,2021-12-22,2025-11-19T00:00:00,BNA,12521.63
CU-119,1302.21,10-20,CO,D-119,mobile,2023-01-27,2025-11-08T00:00:00,BOG,10087.61
CU-120,2043.58,11-22,PE,D-120,mobile,2023-04-19,2025-11-20T00:00:00,IBK,14779.25
CU-121,4780.66,08-19,PE,D-121,mobile,2021-05-09,2025-11-08T00:00:00,BCP,24209.11
CU-122,3554.14,07-18,CL,D-122,web,2022-02-05,2025-11-19T00:00:00,SAN,10755.78
CU-123,605.16,10-21,CO,D-123,web,2020-01-10,2025-11-23T00:00:00,BAN,2375.66
CU-124,2755.31,08-22,PE,D-124,web,2024-06-16,2025-11-08T00:00:00,BCP,20711.17
CU-125,3268.66,08-19,PE,D-125,web,2025-11-24,2026-01-09T00:00:00,BBVA,19420.15
CU-126,4996.83,07-22,AR,D-126,mobile,2024-07-09,2025-11-08T00:00:00,GAL,25527.87
CU-127,3997.18,11-21,CL,D-127,web,2025-11-16,2026-01-13T00:00:00,SAN,24873.38
CU-128,3285.82,08-21,ES,D-128,web,2021-03-05,2025-11-08T00:00:00,BBVA,21764.73
CU-129,420.25,06-21,MX,D-129,mobile,2020-02-01,2025-11-13T00:00:00,BAN,3102.84
CU-130,2145.78,08-19,US,D-130,mobile,2022-07-13,2025-11-18T00:00:00,WFC,7188.68
CU-131,146.48,10-18,MX,D-131,mobile,2024-12-25,2025-01-09T00:00:00,SAN,731.15
CU-132,549.33,09-22,PE,D-132,mobile,2025-11-15,2025-11-17T00:00:00,BCP,2622.01
CU-133,1507.47,09-19,AR,D-133,web,2020-01-21,2025-11-09T00:00:00,SAN,7419.21
CU-134,3430.27,09-20,US,D-134,web,2024-05-11,2025-11-07T00:00:00,WFC,26494.24
CU-135,2390.27,10-19,PE,D-135,web,2025-11-18,2025-11-21T00:00:00,IBK,11970.24
CU-136,4205.35,11-22,CO,D-136,web,2021-11-02,2025-11-26T00:00:00,BAN,16536.24
CU-137,3919.96,11-22,MX,D-137,mobile,2025-11-29,2026-02-23T00:00:00,BBVA,21917.68
CU-138,3026.64,06-22,CO,D-138,mobile,2022-02-18,2025-11-17T00:00:00,BOG,21426.09
CU-139,1199.76,10-18,PE,D-139,mobile,2024-02-11,2025-11-03T00:00:00,IBK,4376.21
CU-140,4454.87,06-19,ES,D-140,mobile,2020-08-25,2025-11-11T00:00:00,CABK,19632.41
CU-141,1337.98,11-20,MX,D-141,mobile,2021-02-06,2025-11-28T00:00:00,BBVA,9997.92
CU-142,4958.23,07-22,AR,D-142,web,2022-10-03,2025-11-08T00:00:00,GAL,28355.59
CU-143,4336.02,06-20,ES,D-143,web,2022-11-16,2025-11-13T00:00:00,CABK,18182.88
CU-144,4657.44,09-20,AR,D-144,mobile,2024-11-13,2025-01-09T00:00:00,BNA,14653.41
CU-145,4146.50,07-20,MX,D-145,mobile,2021-04-02,2025-11-13T00:00:00,BBVA,17802.76
CU-146,1046.35,10-20,PE,D-146,web,2020-08-02,2025-11-24T00:00:00,BCP,7219.01
CU-147,624.21,11-19,PE,D-147,mobile,2021-12-15,2025-11-05T00:00:00,BCP,4334.54
CU-148,951.39,09-19,ES,D-148,web,2020-12-22,2025-11-10T00:00:00,BBVA,4499.52
CU-149,3142.49,08-19,US,D-149,mobile,2024-12-04,2025-03-12T00:00:00,JPM,15454.96
CU-150,421.57,06-20,CO,D-150,mobile,2021-02-14,2025-11-29T00:00:00,BAN,1480.12
CU-151,4285.63,10-22,CO,D-151,mobile,2021-04-22,2025-11-27T00:00:00,BOG,33232.14
CU-152,840.18,09-22,MX,D-152,web,2024-11-20,2025-11-19T00:00:00,BBVA,4378.59
CU-153,1628.56,07-21,AR,D-153,web,2021-03-17,2025-11-24T00:00:00,GAL,11923.98
CU-154,2418.73,09-18,PE,D-154,web,2024-08-15,2025-11-14T00:00:00,BBVA,16459.75
CU-155,3168.48,09-22,ES,D-155,mobile,2022-04-14,2025-11-25T00:00:00,BBVA,11363.88
CU-156,713.41,09-21,ES,D-156,web,2020-12-22,2025-11-24T00:00:00,CABK,5651.46
CU-157,832.95,10-19,AR,D-157,mobile,2021-06-11,2025-11-25T00:00:00,BNA,6466.39
CU-158,4548.31,08-20,PE,D-158,web,2023-09-14,2025-11-15T00:00:00,BBVA,27702.75
CU-159,3542.08,07-19,ES,D-159,web,2021-01-01,2025-11-01T00:00:00,SAN,12017.90
CU-160,2044.92,07-19,AR,D-160,mobile,2021-02-10,2025-11-17T00:00:00,SAN,7404.86
CU-161,4491.48,06-18,CL,D-161,web,2025-11-23,2026-02-06T00:00:00,SAN,27517.16
CU-162,3938.77,08-20,ES,D-162,mobile,2023-06-26,2025-11-26T00:00:00,CABK,24490.83
CU-163,2679.37,07-20,US,D-163,mobile,2023-07-12,2025-11-25T00:00:00,JPM,16287.11
CU-164,1712.19,11-21,MX,D-164,mobile,2024-07-21,2025-11-19T00:00:00,BAN,5315.16
CU-165,3300.99,10-18,CO,D-165,web,2023-10-19,2025-11-29T00:00:00,BAN,16808.64
CU-166,1097.53,09-18,AR,D-166,web,2025-11-29,2026-01-25T00:00:00,BNA,7936.49
CU-167,3180.95,09-21,AR,D-167,mobile,2023-08-18,2025-11-19T00:00:00,BNA,16518.92
CU-168,3653.76,09-19,CL,D-168,mobile,2023-06-07,2025-11-19T00:00:00,BCI,16146.96
CU-169,1859.84,08-22,US,D-169,mobile,2024-01-03,2025-11-08T00:00:00,BAC,7250.43
CU-170,1263.96,11-19,CL,D-170,web,2024-06-13,2025-11-22T00:00:00,BCH,6606.12
CU-171,2622.61,06-21,US,D-171,web,2020-11-25,2025-11-02T00:00:00,WFC,16479.65
CU-172,1693.43,09-21,MX,D-172,web,2022-10-03,2025-11-16T00:00:00,BAN,8880.16
CU-173,3380.01,06-18,MX,D-173,mobile,2022-12-01,2025-11-22T00:00:00,BBVA,20373.66
CU-174,1847.99,09-22,PE,D-174,web,2023-08-15,2025-11-06T00:00:00,IBK,6578.10
CU-175,1421.77,07-18,CL,D-175,web,2023-10-01,2025-11-06T00:00:00,BCH,10904.09
CU-176,1649.16,06-20,AR,D-176,mobile,2021-04-21,2025-11-27T00:00:00,SAN,5090.79
CU-177,1683.34,10-18,CL,D-177,web,2025-11-22,2026-01-03T00:00:00,SAN,7934.03
CU-178,2708.00,11-22,ES,D-178,mobile,2021-10-23,2025-11-18T00:00:00,SAN,9395.42
CU-179,3395.75,11-22,CL,D-179,mobile,2021-01-23,2025-11-11T00:00:00,SAN,10484.65
CU-180,1296.32,07-18,ES,D-180,web,2020-04-01,2025-11-19T00:00:00,CABK,8159.59
CU-181,2029.94,10-18,US,D-181,mobile,2023-02-18,2025-11-06T00:00:00,WFC,16007.84
CU-182,2093.85,10-18,MX,D-182,web,2020-11-04,2025-11-29T00:00:00,BAN,9705.34
CU-183,3371.21,11-19,US,D-183,web,2020-07-19,2025-11-01T00:00:00,BAC,19291.57
CU-184,128.22,06-21,US,D-184,web,2025-11-29,2025-12-19T00:00:00,WFC,633.76
CU-185,2298.60,06-18,CO,D-185,mobile,2021-11-03,2025-11-14T00:00:00,DAV,14015.60
CU-186,2371.12,08-22,US,D-186,mobile,2021-06-21,2025-11-26T00:00:00,JPM,11620.81
CU-187,2054.23,10-21,ES,D-187,web,2022-07-06,2025-11-18T00:00:00,CABK,11516.36
CU-188,4129.73,08-22,ES,D-188,web,2020-04-11,2025-11-15T00:00:00,SAN,22283.68
CU-189,1053.34,11-22,ES,D-189,mobile,2024-04-14,2025-11-29T00:00:00,CABK,5963.27
CU-190,2946.57,07-21,AR,D-190,mobile,2021-01-13,2025-11-26T00:00:00,BNA,16537.34
CU-191,703.79,09-19,CL,D-191,web,2020-10-10,2025-11-04T00:00:00,SAN,4947.62
CU-192,2796.11,10-19,CL,D-192,web,2024-07-22,2025-11-22T00:00:00,BCH,19485.31
CU-193,3268.37,07-18,MX,D-193,mobile,2020-10-27,2025-11-04T00:00:00,BAN,21766.66
CU-194,4270.75,07-18,US,D-194,web,2023-10-01,2025-11-18T00:00:00,JPM,16399.98
CU-195,3710.68,07-18,CL,D-195,web,2020-06-16,2025-11-15T00:00:00,BCI,22395.70
CU-196,2778.82,07-18,AR,D-196,web,2024-09-25,2025-11-03T00:00:00,SAN,17994.87
CU-197,2081.16,11-22,CL,D-197,web,2020-11-07,2025-11-28T00:00:00,SAN,7326.82
CU-198,3649.26,07-22,AR,D-198,mobile,2025-11-22,2026-02-26T00:00:00,SAN,18267.98
CU-199,1898.08,11-18,CL,D-199,mobile,2024-01-02,2025-11-05T00:00:00,BCI,11769.69
CU-200,1428.62,07-20,AR,D-200,mobile,2024-10-03,2025-11-06T00:00:00,GAL,11387.10
CU-201,3343.01,06-20,US,D-201,web,2023-08-22,2025-11-26T00:00:00,JPM,12959.23
CU-202,3481.02,06-19,AR,D-202,mobile,2020-07-16,2025-11-17T00:00:00,SAN,26580.68
CU-203,1249.75,09-20,AR,D-203,web,2023-08-24,2025-11-25T00:00:00,GAL,7004.59
CU-204,3155.57,07-18,MX,D-204,mobile,2023-06-20,2025-11-29T00:00:00,BAN,11322.96
CU-205,1214.05,10-19,PE,D-205,web,2021-11-25,2025-11-01T00:00:00,IBK,8651.84
CU-206,1470.55,07-21,US,D-206,web,2022-06-11,2025-11-22T00:00:00,JPM,7286.89
CU-207,2555.65,06-19,AR,D-207,mobile,2024-03-24,2025-11-14T00:00:00,GAL,9472.24
CU-208,1138.71,11-18,CL,D-208,web,2025-11-17,2026-01-21T00:00:00,BCI,7372.87
CU-209,1795.89,09-19,US,D-209,web,2021-09-22,2025-11-04T00:00:00,WFC,9761.22
CU-210,3070.64,11-22,ES,D-210,web,2022-09-06,2025-11-13T00:00:00,SAN,11081.35
CU-211,2443.35,09-18,CL,D-211,mobile,2024-12-12,2025-01-12T00:00:00,BCH,18770.42
CU-212,4392.92,10-21,CL,D-212,mobile,2024-11-02,2025-11-23T00:00:00,BCI,21667.22
CU-213,2865.76,07-19,PE,D-213,mobile,2022-02-24,2025-11-09T00:00:00,IBK,12024.44
CU-214,797.02,06-21,AR,D-214,mobile,2022-07-16,2025-11-28T00:00:00,BNA,4421.16
CU-215,4983.81,06-22,CL,D-215,mobile,2023-04-04,2025-11-07T00:00:00,SAN,18208.61
CU-216,4444.36,11-22,CO,D-216,web,2022-12-22,2025-11-07T00:00:00,BAN,21934.67
CU-217,4822.73,07-20,MX,D-217,mobile,2024-10-23,2025-11-24T00:00:00,SAN,29393.29
CU-218,1685.15,07-19,MX,D-218,web,2024-02-05,2025-11-04T00:00:00,BBVA,5980.06
CU-219,2785.00,10-21,CL,D-219,web,2021-04-02,2025-11-16T00:00:00,SAN,14983.55
CU-220,1941.85,09-22,AR,D-220,mobile,2024-10-13,2025-11-17T00:00:00,BNA,14979.73
CU-221,4063.53,10-18,US,D-221,mobile,2021-12-08,2025-11-28T00:00:00,WFC,22257.01
CU-222,1993.11,11-18,CL,D-222,web,2023-07-24,2025-11-19T00:00:00,BCH,13328.26
CU-223,2609.89,10-22,PE,D-223,web,2022-01-13,2025-11-24T00:00:00,IBK,7987.68
CU-224,4786.86,10-19,CL,D-224,mobile,2023-11-20,2025-11-19T00:00:00,BCI,33121.31
CU-225,1838.72,07-22,MX,D-225,mobile,2025-11-20,2026-02-23T00:00:00,BAN,5708.72
CU-226,502.64,09-18,CL,D-226,mobile,2020-09-02,2025-11-18T00:00:00,BCI,1812.99
CU-227,3113.56,11-18,PE,D-227,web,2021-07-18,2025-11-21T00:00:00,IBK,24596.66
CU-228,3049.22,10-21,US,D-228,web,2021-01-08,2025-11-23T00:00:00,JPM,14821.76
CU-229,2217.18,09-19,PE,D-229,mobile,2023-04-21,2025-11-19T00:00:00,BBVA,6792.50
CU-230,4962.84,07-18,ES,D-230,web,2021-05-13,2025-11-08T00:00:00,BBVA,32965.43
CU-231,3904.59,09-20,AR,D-231,mobile,2025-11-25,2026-02-21T00:00:00,GAL,22247.50
CU-232,3666.94,07-22,MX,D-232,web,2023-11-18,2025-11-15T00:00:00,SAN,13763.42
CU-233,1777.68,11-20,MX,D-233,web,2020-08-03,2025-11-22T00:00:00,SAN,6680.25
CU-234,559.41,09-18,MX,D-234,web,2021-10-16,2025-11-01T00:00:00,BBVA,4143.69
CU-235,1461.72,08-19,US,D-235,web,2020-10-21,2025-11-07T00:00:00,WFC,5759.36
CU-236,1841.38,10-18,ES,D-236,mobile,2021-10-26,2025-11-12T00:00:00,SAN,5625.71
CU-237,3772.77,10-18,ES,D-237,web,2022-07-06,2025-11-19T00:00:00,SAN,13670.90
CU-238,1988.34,09-21,US,D-238,mobile,2022-10-05,2025-11-22T00:00:00,WFC,5997.02
CU-239,3135.99,09-21,PE,D-239,web,2023-01-23,2025-11-04T00:00:00,BCP,19479.60
CU-240,417.78,07-21,ES,D-240,mobile,2021-02-19,2025-11-28T00:00:00,CABK,2294.15
CU-241,477.59,11-22,ES,D-241,mobile,2021-06-21,2025-11-04T00:00:00,CABK,2483.94
CU-242,822.52,06-18,US,D-242,web,2023-01-27,2025-11-27T00:00:00,WFC,6573.36
CU-243,4672.26,10-18,PE,D-243,mobile,2023-04-16,2025-11-27T00:00:00,IBK,23592.69
CU-244,4215.03,08-18,US,D-244,mobile,2024-09-20,2025-11-10T00:00:00,BAC,16128.69
CU-245,3531.23,11-22,AR,D-245,web,2022-03-21,2025-11-10T00:00:00,SAN,18179.78
CU-246,4376.38,10-22,ES,D-246,web,2024-10-05,2025-01-12T00:00:00,BBVA,26940.35
CU-247,344.23,07-20,PE,D-247,mobile,2020-04-06,2025-11-22T00:00:00,BBVA,2082.98
CU-248,763.24,09-18,ES,D-248,web,2023-10-22,2025-11-07T00:00:00,CABK,3341.51
CU-249,3956.92,07-19,PE,D-249,web,2023-09-13,2025-11-24T00:00:00,IBK,13110.33
CU-250,4541.54,06-22,ES,D-250,mobile,2020-11-07,2025-11-15T00:00:00,BBVA,30256.85
CU-251,2786.77,10-19,US,D-251,mobile,2020-05-26,2025-11-18T00:00:00,JPM,17475.48
CU-252,1070.68,06-20,CO,D-252,web,2024-12-25,2025-02-23T00:00:00,BAN,3330.00
CU-253,3628.04,07-18,CL,D-253,mobile,2025-11-21,2025-12-23T00:00:00,BCH,28670.89
CU-254,1214.31,09-19,CO,D-254,web,2020-01-02,2025-11-14T00:00:00,DAV,8785.04
CU-255,2200.29,10-19,AR,D-255,mobile,2020-02-10,2025-11-16T00:00:00,SAN,13762.52
CU-256,2772.62,11-21,CO,D-256,mobile,2022-03-17,2025-11-07T00:00:00,BAN,10601.20
CU-257,1718.05,11-21,AR,D-257,web,2025-11-22,2026-02-14T00:00:00,SAN,12709.98
CU-258,4365.83,08-22,PE,D-258,mobile,2021-12-26,2025-11-02T00:00:00,BCP,15152.75
CU-259,1783.95,09-18,US,D-259,mobile,2022-06-07,2025-11-23T00:00:00,JPM,8896.39
CU-260,557.70,10-20,CO,D-260,mobile,2023-10-08,2025-11-28T00:00:00,BAN,3283.72
CU-261,3209.45,06-19,US,D-261,mobile,2023-06-12,2025-11-07T00:00:00,WFC,15455.12
CU-262,4496.21,08-18,ES,D-262,web,2024-12-16,2025-11-06T00:00:00,BBVA,15364.99
CU-263,4423.84,09-20,AR,D-263,web,2020-07-21,2025-11-13T00:00:00,GAL,16942.31
CU-264,4421.45,08-20,MX,D-264,web,2022-01-04,2025-11-20T00:00:00,BAN,17901.41
CU-265,1957.23,08-22,ES,D-265,web,2020-04-06,2025-11-06T00:00:00,CABK,13305.08
CU-266,4941.52,07-21,ES,D-266,web,2024-08-02,2025-11-03T00:00:00,BBVA,19117.79
CU-267,3588.87,07-18,MX,D-267,web,2023-02-09,2025-11-15T00:00:00,BAN,24203.81
CU-268,3290.62,11-18,MX,D-268,mobile,2022-11-03,2025-11-20T00:00:00,BBVA,20997.08
CU-269,1693.01,09-18,ES,D-269,mobile,2020-08-23,2025-11-03T00:00:00,BBVA,9418.68
CU-270,1596.02,10-20,PE,D-270,web,2025-11-19,2026-01-03T00:00:00,BBVA,11998.94
CU-271,1240.54,06-20,ES,D-271,web,2021-03-01,2025-11-27T00:00:00,CABK,7197.87
CU-272,643.85,11-21,MX,D-272,mobile,2022-03-14,2025-11-17T00:00:00,BBVA,3288.28
CU-273,233.16,11-18,CO,D-273,mobile,2022-03-10,2025-11-09T00:00:00,BAN,1821.92
CU-274,3660.69,08-21,CL,D-274,web,2023-03-15,2025-11-24T00:00:00,SAN,13183.01
CU-275,434.87,06-18,PE,D-275,mobile,2023-09-14,2025-11-21T00:00:00,IBK,1796.78
CU-276,3678.21,06-21,CO,D-276,mobile,2023-08-02,2025-11-09T00:00:00,BOG,22550.67
CU-277,2703.45,11-18,AR,D-277,mobile,2022-11-14,2025-11-21T00:00:00,SAN,17015.85
CU-278,1336.31,10-20,ES,D-278,web,2024-09-09,2025-11-03T00:00:00,SAN,4441.14
CU-279,4783.54,10-21,AR,D-279,mobile,2020-03-26,2025-11-29T00:00:00,GAL,28870.81
CU-280,3193.41,09-18,MX,D-280,web,2023-07-07,2025-11-28T00:00:00,BAN,22142.31
CU-281,4856.75,09-19,US,D-281,web,2020-01-08,2025-11-06T00:00:00,BAC,36218.73
CU-282,114.31,10-21,AR,D-282,mobile,2022-08-19,2025-11-25T00:00:00,BNA,613.26
CU-283,3150.35,11-20,MX,D-283,mobile,2020-06-17,2025-11-17T00:00:00,BAN,22577.25
CU-284,4235.23,06-19,CL,D-284,web,2024-01-10,2025-11-09T00:00:00,BCH,29999.87
CU-285,1494.36,06-22,CO,D-285,web,2020-07-13,2025-11-11T00:00:00,DAV,11901.21
CU-286,744.30,11-22,PE,D-286,mobile,2023-03-12,2025-11-08T00:00:00,BCP,4890.17
CU-287,3078.74,06-22,US,D-287,web,2023-10-05,2025-11-25T00:00:00,WFC,9268.61
CU-288,3616.10,06-21,US,D-288,mobile,2025-11-16,2026-01-22T00:00:00,BAC,25319.12
CU-289,3347.06,10-20,CL,D-289,mobile,2023-01-01,2025-11-26T00:00:00,BCI,15978.38
CU-290,4714.46,10-18,US,D-290,mobile,2022-11-13,2025-11-14T00:00:00,BAC,17416.90
CU-291,667.11,09-20,ES,D-291,mobile,2025-11-25,2025-11-26T00:00:00,SAN,2222.96
CU-292,2716.44,07-18,PE,D-292,mobile,2023-03-11,2025-11-23T00:00:00,BCP,13573.63
CU-293,4559.66,11-18,CL,D-293,web,2020-07-24,2025-11-28T00:00:00,BCH,29466.64
CU-294,2206.66,08-22,CL,D-294,web,2024-06-26,2025-11-28T00:00:00,SAN,10859.41
CU-295,2305.60,09-18,CL,D-295,web,2022-10-27,2025-11-22T00:00:00,BCH,12978.37
CU-296,2607.24,09-22,CL,D-296,mobile,2024-08-01,2025-11-15T00:00:00,BCI,8153.46
CU-297,3264.53,09-20,CO,D-297,web,2022-11-17,2025-11-05T00:00:00,DAV,23532.75
CU-298,2943.09,11-18,CL,D-298,mobile,2025-11-15,2026-01-03T00:00:00,BCH,12191.56
CU-299,4889.52,08-20,MX,D-299,mobile,2025-11-24,2025-12-20T00:00:00,BAN,15425.35
CU-300,2001.14,07-20,US,D-300,mobile,2022-05-10,2025-11-10T00:00:00,JPM,10746.19
CU-301,2276.23,07-21,PE,D-301,web,2024-11-15,2025-11-13T00:00:00,BBVA,12990.53
CU-302,855.31,06-22,US,D-302,web,2024-11-23,2025-01-12T00:00:00,WFC,3858.87
CU-303,1370.74,08-19,PE,D-303,web,2023-05-12,2025-11-07T00:00:00,IBK,5244.74
CU-304,2956.62,10-20,MX,D-304,web,2021-11-04,2025-11-29T00:00:00,BBVA,19729.20
CU-305,1572.40,11-18,US,D-305,web,2024-07-21,2025-11-28T00:00:00,JPM,8455.94
CU-306,2760.82,08-20,MX,D-306,mobile,2022-06-13,2025-11-12T00:00:00,BAN,10086.00
CU-307,3973.50,09-22,PE,D-307,mobile,2023-09-14,2025-11-06T00:00:00,BCP,30776.99
CU-308,2613.22,09-21,ES,D-308,mobile,2021-04-06,2025-11-01T00:00:00,BBVA,17793.39
CU-309,1994.05,08-18,CO,D-309,mobile,2020-03-21,2025-11-27T00:00:00,DAV,10403.52
CU-310,3050.37,09-22,CO,D-310,mobile,2020-08-20,2025-11-17T00:00:00,BAN,22068.95
CU-311,4476.14,08-20,CO,D-311,web,2024-07-16,2025-11-22T00:00:00,BAN,14112.14
CU-312,4373.04,07-19,AR,D-312,web,2023-02-09,2025-11-03T00:00:00,GAL,34053.91
CU-313,143.43,08-19,US,D-313,web,2022-01-04,2025-11-05T00:00:00,JPM,479.79
CU-314,127.76,10-21,PE,D-314,web,2020-04-03,2025-11-08T00:00:00,IBK,694.78
CU-315,480.48,09-20,CO,D-315,mobile,2022-12-13,2025-11-02T00:00:00,BAN,3736.01
CU-316,2660.63,07-18,CL,D-316,mobile,2021-12-16,2025-11-02T00:00:00,SAN,17428.59
CU-317,3367.59,09-19,CL,D-317,web,2022-06-07,2025-11-07T00:00:00,BCH,19346.48
CU-318,1174.44,10-22,CO,D-318,web,2022-09-25,2025-11-17T00:00:00,BOG,6477.53
CU-319,2301.81,07-21,AR,D-319,mobile,2023-02-14,2025-11-28T00:00:00,GAL,16372.02
CU-320,4039.40,11-21,MX,D-320,web,2021-12-23,2025-11-14T00:00:00,BAN,14821.13
CU-321,3184.83,08-18,ES,D-321,web,2020-01-26,2025-11-26T00:00:00,BBVA,13952.26
CU-322,3564.18,07-18,AR,D-322,web,2023-09-11,2025-11-11T00:00:00,SAN,20761.07
CU-323,4346.09,09-21,US,D-323,web,2022-03-17,2025-11-16T00:00:00,WFC,14978.57
CU-324,3466.39,07-22,PE,D-324,mobile,2022-09-24,2025-11-10T00:00:00,IBK,13292.79
CU-325,3593.93,10-22,PE,D-325,mobile,2025-11-26,2025-12-06T00:00:00,BCP,22931.22
CU-326,4725.51,06-22,ES,D-326,web,2022-12-05,2025-11-17T00:00:00,SAN,25956.54
CU-327,1987.09,06-20,CL,D-327,mobile,2021-03-12,2025-11-09T00:00:00,BCH,10099.43
CU-328,4128.68,07-18,PE,D-328,mobile,2022-06-24,2025-11-01T00:00:00,BCP,27951.64
CU-329,276.10,06-21,US,D-329,web,2023-06-12,2025-11-21T00:00:00,BAC,1103.32
CU-330,4462.05,09-20,CO,D-330,web,2020-01-22,2025-11-10T00:00:00,BAN,19356.21
CU-331,4193.85,11-22,MX,D-331,mobile,2021-06-17,2025-11-14T00:00:00,BAN,13240.44
CU-332,3707.38,11-18,ES,D-332,mobile,2023-08-11,2025-11-04T00:00:00,BBVA,20743.39
CU-333,3419.96,09-21,CL,D-333,web,2023-10-12,2025-11-22T00:00:00,BCH,11566.05
CU-334,1974.64,06-19,MX,D-334,mobile,2024-09-01,2025-11-26T00:00:00,SAN,9360.74
CU-335,1921.52,08-22,ES,D-335,web,2023-03-09,2025-11-11T00:00:00,SAN,11588.17
CU-336,1526.61,10-20,ES,D-336,mobile,2022-09-02,2025-11-28T00:00:00,SAN,10285.11
CU-337,2421.67,07-21,US,D-337,mobile,2020-07-05,2025-11-20T00:00:00,BAC,15069.95
CU-338,2850.34,11-18,PE,D-338,web,2021-12-07,2025-11-26T00:00:00,BCP,19686.18
CU-339,2933.66,08-22,MX,D-339,mobile,2023-12-11,2025-11-17T00:00:00,SAN,22258.94
CU-340,1523.47,09-18,CL,D-340,web,2020-02-26,2025-11-20T00:00:00,BCH,7980.50
CU-341,757.95,07-20,US,D-341,web,2024-10-21,2025-11-05T00:00:00,BAC,3314.91
CU-342,4054.13,07-19,AR,D-342,web,2022-06-08,2025-11-13T00:00:00,SAN,25831.88
CU-343,771.30,08-22,US,D-343,web,2025-11-29,2025-12-26T00:00:00,BAC,2733.85
CU-344,3219.04,09-20,US,D-344,mobile,2020-12-11,2025-11-18T00:00:00,WFC,12491.41
CU-345,1148.39,07-19,AR,D-345,mobile,2023-03-27,2025-11-17T00:00:00,SAN,5714.42
CU-346,4769.19,07-22,US,D-346,mobile,2023-01-11,2025-11-17T00:00:00,WFC,37203.68
CU-347,3841.54,10-21,PE,D-347,web,2021-04-05,2025-11-28T00:00:00,BBVA,26982.08
CU-348,325.68,07-21,US,D-348,web,2022-06-05,2025-11-25T00:00:00,JPM,1760.12
CU-349,3345.93,07-21,PE,D-349,mobile,2022-02-19,2025-11-25T00:00:00,BCP,18093.94
CU-350,3213.67,09-22,AR,D-350,web,2022-01-07,2025-11-26T00:00:00,GAL,19636.16
CU-351,4962.97,10-21,MX,D-351,web,2021-04-01,2025-11-26T00:00:00,BAN,37674.88
CU-352,598.84,07-20,CO,D-352,web,2020-05-26,2025-11-17T00:00:00,DAV,4391.80
CU-353,1484.15,10-21,MX,D-353,mobile,2022-08-19,2025-11-03T00:00:00,BAN,10683.35
CU-354,804.69,07-22,MX,D-354,mobile,2023-07-10,2025-11-15T00:00:00,BAN,3237.59
CU-355,2996.54,06-20,CL,D-355,mobile,2023-09-27,2025-11-26T00:00:00,BCI,22166.85
CU-356,2354.01,08-22,ES,D-356,mobile,2024-08-24,2025-11-03T00:00:00,BBVA,17371.22
CU-357,2741.56,09-22,MX,D-357,web,2024-09-25,2025-11-22T00:00:00,BAN,8973.60
CU-358,4868.08,11-22,MX,D-358,mobile,2022-03-22,2025-11-04T00:00:00,BAN,32414.71
CU-359,3239.11,06-22,MX,D-359,web,2021-02-05,2025-11-16T00:00:00,SAN,14113.43
CU-360,714.25,08-21,CL,D-360,mobile,2024-06-21,2025-11-17T00:00:00,BCI,3622.92
CU-361,3793.77,08-19,CL,D-361,mobile,2020-01-11,2025-11-10T00:00:00,SAN,16414.24
CU-362,3047.61,09-18,CO,D-362,web,2024-06-17,2025-11-25T00:00:00,BOG,14769.95
CU-363,4671.33,07-20,AR,D-363,web,2021-07-25,2025-11-02T00:00:00,SAN,15226.09
CU-364,796.64,11-21,ES,D-364,web,2022-01-17,2025-11-16T00:00:00,CABK,4123.90
CU-365,2791.62,06-20,US,D-365,web,2023-04-18,2025-11-11T00:00:00,WFC,8534.23
CU-366,3548.13,11-19,MX,D-366,web,2023-08-27,2025-11-19T00:00:00,BAN,20338.42
CU-367,4838.47,08-22,PE,D-367,web,2022-06-08,2025-11-16T00:00:00,BBVA,27886.69
CU-368,2043.11,08-20,US,D-368,web,2023-04-12,2025-11-02T00:00:00,BAC,13001.36
CU-369,4003.74,11-20,US,D-369,mobile,2025-11-21,2026-02-11T00:00:00,WFC,12254.58
CU-370,3402.70,09-18,PE,D-370,mobile,2024-11-05,2025-11-12T00:00:00,BCP,26115.63
CU-371,2209.65,09-22,AR,D-371,mobile,2022-01-18,2025-11-22T00:00:00,BNA,7425.65
CU-372,1106.47,09-18,MX,D-372,mobile,2022-06-24,2025-11-29T00:00:00,BAN,8526.86
CU-373,4582.18,07-22,US,D-373,web,2021-06-26,2025-11-28T00:00:00,BAC,26473.44
CU-374,1030.09,09-18,PE,D-374,web,2020-12-07,2025-11-10T00:00:00,BBVA,5578.14
CU-375,1415.82,09-19,AR,D-375,mobile,2021-11-23,2025-11-27T00:00:00,BNA,10799.32
CU-376,434.84,06-21,ES,D-376,web,2025-11-18,2026-02-24T00:00:00,CABK,2507.68
CU-377,3244.00,11-20,AR,D-377,web,2022-10-09,2025-11-16T00:00:00,GAL,14807.36
CU-378,1428.37,09-19,MX,D-378,mobile,2020-03-26,2025-11-10T00:00:00,BBVA,11032.27
CU-379,3709.02,10-20,AR,D-379,mobile,2021-09-13,2025-11-01T00:00:00,BNA,18278.30
CU-380,4687.71,06-21,CO,D-380,web,2021-04-09,2025-11-10T00:00:00,DAV,36962.76
CU-381,599.28,07-20,AR,D-381,mobile,2022-04-27,2025-11-25T00:00:00,SAN,2573.04
CU-382,2228.58,06-20,US,D-382,web,2023-01-11,2025-11-10T00:00:00,BAC,14642.36
CU-383,547.82,06-22,CL,D-383,web,2023-01-25,2025-11-11T00:00:00,SAN,1814.73
CU-384,2348.81,08-19,PE,D-384,web,2021-07-10,2025-11-06T00:00:00,IBK,16711.59
CU-385,4670.28,10-20,US,D-385,mobile,2020-07-24,2025-11-14T00:00:00,WFC,32008.76
CU-386,2194.73,10-20,PE,D-386,web,2020-12-01,2025-11-05T00:00:00,BCP,6968.35
CU-387,3958.13,07-22,US,D-387,web,2022-12-06,2025-11-04T00:00:00,BAC,24724.90
CU-388,4687.78,09-19,US,D-388,web,2022-10-25,2025-11-04T00:00:00,BAC,25844.46
CU-389,375.26,11-21,ES,D-389,web,2020-07-03,2025-11-06T00:00:00,BBVA,1892.77
CU-390,4627.73,10-22,MX,D-390,web,2021-12-21,2025-11-03T00:00:00,BBVA,33007.01
CU-391,2286.39,09-22,PE,D-391,mobile,2023-12-27,2025-11-10T00:00:00,IBK,9772.97
CU-392,3738.40,07-21,PE,D-392,web,2024-04-14,2025-11-10T00:00:00,BBVA,28806.63
CU-393,4393.97,10-22,PE,D-393,mobile,2022-03-07,2025-11-09T00:00:00,BBVA,30636.64
CU-394,4433.45,09-20,AR,D-394,web,2020-05-23,2025-11-14T00:00:00,SAN,24148.48
CU-395,2205.08,10-19,MX,D-395,mobile,2025-11-26,2025-12-13T00:00:00,BAN,8394.33
CU-396,509.42,06-20,US,D-396,web,2021-10-15,2025-11-02T00:00:00,JPM,2067.98
CU-397,1623.91,11-20,AR,D-397,web,2023-08-08,2025-11-15T00:00:00,BNA,8354.56
CU-398,2750.43,07-19,PE,D-398,web,2021-02-19,2025-11-22T00:00:00,BCP,16934.66
CU-399,2709.27,10-18,MX,D-399,mobile,2024-07-24,2025-11-17T00:00:00,SAN,9675.97
CU-400,3847.52,08-19,PE,D-400,web,2024-01-17,2025-11-17T00:00:00,IBK,12870.84
CU-401,2423.85,10-22,CO,D-401,mobile,2021-12-16,2025-11-22T00:00:00,BAN,13763.31
CU-402,4196.98,06-18,CO,D-402,mobile,2022-06-09,2025-11-14T00:00:00,BAN,16440.46
CU-403,4289.37,10-20,CO,D-403,web,2020-08-18,2025-11-16T00:00:00,DAV,14304.48
CU-404,4399.02,09-18,ES,D-404,web,2023-04-25,2025-11-13T00:00:00,BBVA,21455.54
CU-405,4038.69,09-22,CO,D-405,mobile,2024-03-19,2025-11-22T00:00:00,DAV,19638.80
CU-406,436.70,11-21,CO,D-406,mobile,2023-11-26,2025-11-11T00:00:00,BOG,2138.14
CU-407,4173.70,06-18,ES,D-407,web,2025-11-26,2026-03-03T00:00:00,SAN,14684.72
CU-408,338.42,09-18,US,D-408,mobile,2024-07-26,2025-11-03T00:00:00,JPM,1365.93
CU-409,3594.86,08-21,PE,D-409,web,2023-06-26,2025-11-16T00:00:00,IBK,21666.43
CU-410,2222.50,07-21,US,D-410,web,2024-06-10,2025-11-10T00:00:00,JPM,14628.46
CU-411,1427.62,08-18,MX,D-411,web,2021-12-10,2025-11-11T00:00:00,SAN,8265.40
CU-412,2964.87,07-21,CO,D-412,mobile,2021-01-06,2025-11-06T00:00:00,BOG,18328.45
CU-413,1690.11,10-21,MX,D-413,mobile,2024-11-04,2025-11-22T00:00:00,BAN,10664.33
CU-414,4093.20,09-21,US,D-414,web,2023-12-01,2025-11-08T00:00:00,JPM,21775.62
CU-415,1393.62,10-22,CO,D-415,web,2024-12-24,2025-02-07T00:00:00,DAV,9642.26
CU-416,2202.03,11-20,CL,D-416,web,2025-11-21,2026-02-05T00:00:00,SAN,7644.65
CU-417,3765.22,06-22,AR,D-417,mobile,2022-04-12,2025-11-29T00:00:00,SAN,26381.92
CU-418,3403.87,08-22,CO,D-418,web,2024-01-03,2025-11-27T00:00:00,BAN,23550.33
CU-419,2874.29,09-22,CO,D-419,mobile,2021-01-04,2025-11-23T00:00:00,BOG,15975.82
CU-420,126.20,08-22,MX,D-420,web,2025-11-24,2026-02-14T00:00:00,BBVA,422.35
CU-421,3227.78,08-20,US,D-421,mobile,2024-11-25,2025-11-16T00:00:00,WFC,23698.53
CU-422,1957.73,07-21,MX,D-422,web,2022-05-19,2025-11-12T00:00:00,BAN,12231.01
CU-423,4041.63,09-18,AR,D-423,web,2022-02-27,2025-11-22T00:00:00,GAL,14349.07
CU-424,4632.73,09-22,CL,D-424,web,2022-09-09,2025-11-10T00:00:00,SAN,17516.50
CU-425,3216.11,09-18,CL,D-425,mobile,2023-06-22,2025-11-17T00:00:00,BCH,24904.66
CU-426,396.96,07-18,CL,D-426,web,2022-12-08,2025-11-06T00:00:00,BCI,2459.23
CU-427,4772.32,10-22,US,D-427,web,2020-06-02,2025-11-22T00:00:00,BAC,31988.02
CU-428,565.05,08-21,MX,D-428,mobile,2025-11-24,2025-12-23T00:00:00,BBVA,3409.64
CU-429,4416.77,11-20,CL,D-429,mobile,2024-11-15,2025-01-09T00:00:00,BCI,29535.52
CU-430,1503.95,06-20,CO,D-430,mobile,2024-10-17,2025-01-19T00:00:00,BOG,9166.51
CU-431,4709.79,10-21,ES,D-431,web,2024-07-12,2025-11-17T00:00:00,BBVA,36217.47
CU-432,517.01,08-19,US,D-432,web,2023-10-02,2025-11-18T00:00:00,BAC,3987.14
CU-433,466.62,10-21,CO,D-433,web,2020-08-08,2025-11-12T00:00:00,BOG,3262.36
CU-434,1698.64,10-21,US,D-434,web,2023-01-04,2025-11-04T00:00:00,JPM,6540.74
CU-435,4501.37,07-19,CL,D-435,web,2022-12-14,2025-11-05T00:00:00,SAN,31071.97
CU-436,1587.76,08-21,ES,D-436,mobile,2025-11-21,2025-12-07T00:00:00,SAN,8411.83
CU-437,1601.67,06-19,MX,D-437,mobile,2021-09-22,2025-11-25T00:00:00,BAN,10148.28
CU-438,3907.54,07-22,PE,D-438,mobile,2020-08-20,2025-11-27T00:00:00,BCP,21284.22
CU-439,3734.04,09-21,AR,D-439,web,2023-07-25,2025-11-16T00:00:00,GAL,13502.90
CU-440,3522.80,08-18,AR,D-440,mobile,2024-01-17,2025-11-19T00:00:00,BNA,20772.45
CU-441,2499.16,11-21,ES,D-441,web,2020-11-06,2025-11-06T00:00:00,SAN,10979.35
CU-442,1171.68,10-19,AR,D-442,mobile,2024-06-08,2025-11-25T00:00:00,GAL,5709.29
CU-443,4008.89,08-20,ES,D-443,web,2022-05-20,2025-11-09T00:00:00,CABK,16400.52
CU-444,4382.95,11-21,MX,D-444,web,2021-02-17,2025-11-20T00:00:00,BBVA,18234.29
CU-445,1400.31,06-22,PE,D-445,mobile,2021-08-18,2025-11-13T00:00:00,IBK,6241.61
CU-446,1116.95,07-20,MX,D-446,web,2024-01-25,2025-11-16T00:00:00,SAN,6072.11
CU-447,2206.93,06-22,US,D-447,web,2021-11-21,2025-11-21T00:00:00,WFC,13755.80
CU-448,1211.03,06-21,US,D-448,mobile,2024-07-20,2025-11-01T00:00:00,JPM,6286.33
CU-449,4211.98,06-21,CO,D-449,web,2021-09-15,2025-11-01T00:00:00,BAN,14986.08
CU-450,3080.77,08-21,PE,D-450,web,2021-03-11,2025-11-17T00:00:00,BCP,12892.00
CU-451,3419.23,10-19,AR,D-451,web,2024-03-22,2025-11-09T00:00:00,BNA,14265.47
CU-452,1790.91,06-22,CO,D-452,mobile,2022-07-27,2025-11-06T00:00:00,BOG,7094.78
CU-453,1548.71,11-22,CO,D-453,mobile,2023-06-26,2025-11-11T00:00:00,DAV,8174.24
CU-454,3422.76,06-18,ES,D-454,web,2023-03-26,2025-11-14T00:00:00,CABK,24807.04
CU-455,536.05,06-21,US,D-455,mobile,2023-11-09,2025-11-24T00:00:00,WFC,2011.45
CU-456,4843.57,06-19,CO,D-456,mobile,2021-09-26,2025-11-08T00:00:00,DAV,18821.93
CU-457,1541.91,08-19,CO,D-457,mobile,2020-03-12,2025-11-12T00:00:00,DAV,10154.41
CU-458,4295.05,07-21,ES,D-458,web,2023-07-16,2025-11-16T00:00:00,SAN,22335.51
CU-459,3675.59,08-19,MX,D-459,web,2023-01-20,2025-11-21T00:00:00,BAN,19955.10
CU-460,672.93,10-19,US,D-460,mobile,2023-09-21,2025-11-25T00:00:00,BAC,3858.23
CU-461,4521.82,09-21,CO,D-461,mobile,2025-11-19,2026-02-18T00:00:00,BOG,26375.89
CU-462,3319.45,08-19,US,D-462,web,2023-01-08,2025-11-29T00:00:00,JPM,11597.12
CU-463,470.74,10-20,MX,D-463,mobile,2024-05-09,2025-11-16T00:00:00,BAN,3151.29
CU-464,258.97,11-20,ES,D-464,mobile,2023-07-26,2025-11-27T00:00:00,CABK,1503.65
CU-465,1306.60,09-19,AR,D-465,web,2021-05-24,2025-11-23T00:00:00,SAN,4264.52
CU-466,3490.86,11-22,CL,D-466,web,2020-09-10,2025-11-10T00:00:00,BCH,23479.17
CU-467,474.56,08-22,AR,D-467,web,2020-01-22,2025-11-13T00:00:00,BNA,3404.00
CU-468,1855.84,10-20,AR,D-468,mobile,2024-06-27,2025-11-17T00:00:00,SAN,8381.77
CU-469,4669.52,11-22,AR,D-469,mobile,2020-07-25,2025-11-26T00:00:00,SAN,25112.59
CU-470,2097.97,11-20,US,D-470,mobile,2025-11-18,2025-12-04T00:00:00,JPM,13791.56
CU-471,435.41,09-20,CL,D-471,web,2023-03-17,2025-11-19T00:00:00,BCI,2184.03
CU-472,4184.86,10-22,PE,D-472,web,2022-02-01,2025-11-04T00:00:00,BCP,23679.21
CU-473,2735.14,10-21,CO,D-473,mobile,2023-04-13,2025-11-28T00:00:00,BAN,17916.74
CU-474,569.07,08-18,CL,D-474,web,2021-08-07,2025-11-16T00:00:00,BCI,1967.20
CU-475,1642.65,07-22,MX,D-475,web,2023-02-11,2025-11-23T00:00:00,BBVA,4994.14
CU-476,4721.56,10-21,ES,D-476,web,2021-02-15,2025-11-26T00:00:00,SAN,21446.94
CU-477,2907.91,08-20,US,D-477,web,2022-01-04,2025-11-04T00:00:00,JPM,19313.91
CU-478,1794.45,11-20,AR,D-478,web,2023-06-16,2025-11-13T00:00:00,SAN,12383.40
CU-479,4988.35,09-18,US,D-479,web,2022-09-09,2025-11-10T00:00:00,WFC,37091.36
CU-480,2157.26,09-18,ES,D-480,mobile,2024-08-16,2025-11-10T00:00:00,BBVA,14283.57
CU-481,3482.99,11-18,PE,D-481,mobile,2022-04-16,2025-11-10T00:00:00,IBK,14541.38
CU-482,4167.74,11-22,CL,D-482,web,2025-11-15,2026-01-17T00:00:00,SAN,30599.75
CU-483,4639.67,07-19,AR,D-483,web,2022-01-19,2025-11-03T00:00:00,BNA,30880.65
CU-484,4739.10,06-21,CO,D-484,web,2021-12-13,2025-11-07T00:00:00,DAV,27112.36
CU-485,1448.67,08-21,ES,D-485,web,2022-01-17,2025-11-21T00:00:00,SAN,4997.30
CU-486,1046.92,11-22,CL,D-486,mobile,2024-07-16,2025-11-10T00:00:00,BCI,3409.26
CU-487,2513.42,10-22,CO,D-487,web,2023-04-19,2025-11-10T00:00:00,BAN,17662.21
CU-488,3824.79,09-22,ES,D-488,web,2023-02-22,2025-11-16T00:00:00,BBVA,12558.32
CU-489,269.90,10-20,CL,D-489,mobile,2024-11-22,2025-02-22T00:00:00,SAN,1264.90
CU-490,1628.37,06-20,CO,D-490,mobile,2023-09-20,2025-11-04T00:00:00,DAV,8117.36
CU-491,865.95,11-20,MX,D-491,mobile,2021-04-12,2025-11-13T00:00:00,BAN,4522.55
CU-492,2572.63,09-20,US,D-492,mobile,2022-09-21,2025-11-19T00:00:00,WFC,13733.74
CU-493,3135.01,09-19,US,D-493,mobile,2023-08-17,2025-11-16T00:00:00,BAC,9773.90
CU-494,2205.15,06-20,CL,D-494,web,2025-11-18,2026-01-27T00:00:00,SAN,12388.54
CU-495,1342.56,06-18,CO,D-495,mobile,2020-12-21,2025-11-02T00:00:00,DAV,9838.03
CU-496,603.93,07-20,US,D-496,web,2022-03-12,2025-11-10T00:00:00,WFC,3606.19
CU-497,3055.44,07-21,AR,D-497,mobile,2023-06-25,2025-11-29T00:00:00,GAL,19743.56
CU-498,1243.33,10-18,AR,D-498,mobile,2024-06-16,2025-11-25T00:00:00,GAL,4009.72
CU-499,3697.34,07-19,PE,D-499,mobile,2023-08-09,2025-11-26T00:00:00,BCP,22604.28
CU-500,4053.11,09-21,US,D-500,web,2022-12-04,2025-11-22T00:00:00,WFC,24995.77
CU-501,4047.08,07-22,CL,D-501,mobile,2024-12-20,2025-01-12T00:00:00,BCH,13545.46
CU-502,540.40,07-19,US,D-502,mobile,2025-11-20,2026-01-28T00:00:00,JPM,2413.84
CU-503,2674.80,10-21,PE,D-503,mobile,2020-04-20,2025-11-06T00:00:00,IBK,11416.52
CU-504,3806.04,08-22,ES,D-504,web,2022-07-14,2025-11-12T00:00:00,SAN,24074.27
CU-505,2827.23,11-21,PE,D-505,web,2025-11-20,2026-01-02T00:00:00,BBVA,12980.69
CU-506,4481.90,08-20,PE,D-506,web,2022-01-19,2025-11-23T00:00:00,BCP,34905.75
CU-507,2872.15,06-22,AR,D-507,web,2020-06-02,2025-11-05T00:00:00,SAN,12067.33
CU-508,565.33,09-21,CL,D-508,mobile,2022-07-15,2025-11-24T00:00:00,BCI,3199.41
CU-509,4380.73,08-21,AR,D-509,web,2025-11-15,2026-01-11T00:00:00,BNA,19839.10
CU-510,2073.25,10-21,AR,D-510,mobile,2024-03-01,2025-11-28T00:00:00,SAN,13130.07
CU-511,685.85,09-22,ES,D-511,web,2023-03-22,2025-11-06T00:00:00,CABK,4180.85
CU-512,1014.54,09-18,AR,D-512,mobile,2023-05-13,2025-11-11T00:00:00,SAN,4190.22
CU-513,2800.15,07-20,US,D-513,web,2022-12-09,2025-11-24T00:00:00,WFC,20054.91
CU-514,4879.82,11-20,US,D-514,mobile,2022-11-06,2025-11-11T00:00:00,WFC,31458.01
CU-515,1336.33,11-18,US,D-515,mobile,2020-03-08,2025-11-27T00:00:00,BAC,9979.95
CU-516,465.73,10-21,PE,D-516,mobile,2021-06-14,2025-11-11T00:00:00,IBK,3519.38
CU-517,202.58,06-22,PE,D-517,web,2020-04-22,2025-11-11T00:00:00,BCP,1292.57
CU-518,1605.47,09-18,CL,D-518,web,2025-11-21,2025-12-18T00:00:00,BCI,12597.50
CU-519,1951.41,11-22,CO,D-519,web,2025-11-18,2025-12-01T00:00:00,DAV,6450.43
CU-520,2546.58,08-21,MX,D-520,web,2020-03-06,2025-11-21T00:00:00,BAN,15893.63
CU-521,401.09,06-19,CL,D-521,mobile,2020-02-17,2025-11-10T00:00:00,SAN,1729.64
CU-522,2673.77,07-20,ES,D-522,web,2020-12-21,2025-11-02T00:00:00,SAN,16309.58
CU-523,3521.17,09-18,CL,D-523,mobile,2021-09-03,2025-11-29T00:00:00,BCI,15765.47
CU-524,2696.85,08-20,AR,D-524,web,2021-12-16,2025-11-15T00:00:00,SAN,13926.15
CU-525,3018.83,06-19,CL,D-525,web,2023-06-11,2025-11-12T00:00:00,SAN,14487.28
CU-526,1604.16,10-18,CL,D-526,mobile,2021-07-26,2025-11-06T00:00:00,SAN,8578.40
CU-527,2171.01,11-22,AR,D-527,web,2021-01-10,2025-11-22T00:00:00,GAL,6752.56
CU-528,4914.35,10-21,CL,D-528,web,2020-11-21,2025-11-02T00:00:00,BCI,24103.70
CU-529,367.37,08-20,US,D-529,mobile,2025-11-20,2025-12-26T00:00:00,BAC,1915.06
CU-530,336.98,07-20,ES,D-530,web,2021-04-17,2025-11-29T00:00:00,BBVA,1378.54
CU-531,4683.35,07-18,CL,D-531,web,2024-07-27,2025-11-14T00:00:00,BCI,28219.28
CU-532,1180.39,06-18,US,D-532,web,2024-07-05,2025-11-21T00:00:00,WFC,4879.57
CU-533,3365.96,10-20,CL,D-533,web,2022-10-15,2025-11-06T00:00:00,BCI,24484.09
CU-534,4766.83,08-19,ES,D-534,web,2023-03-21,2025-11-13T00:00:00,CABK,26704.96
CU-535,4973.45,06-21,AR,D-535,web,2024-09-07,2025-11-07T00:00:00,GAL,35369.66
CU-536,4523.54,06-22,ES,D-536,web,2021-11-16,2025-11-24T00:00:00,SAN,15316.42
CU-537,932.45,06-21,US,D-537,mobile,2020-04-25,2025-11-11T00:00:00,BAC,5987.79
CU-538,4750.01,07-22,CO,D-538,mobile,2023-02-27,2025-11-25T00:00:00,BOG,22114.78
CU-539,3853.26,06-21,ES,D-539,web,2023-09-02,2025-11-26T00:00:00,BBVA,25598.29
CU-540,1645.28,11-22,MX,D-540,web,2020-04-22,2025-11-15T00:00:00,BAN,10509.60
CU-541,2779.95,07-21,CL,D-541,web,2021-09-23,2025-11-19T00:00:00,BCI,12856.20
CU-542,3467.75,11-22,ES,D-542,mobile,2020-01-19,2025-11-23T00:00:00,BBVA,13539.69
CU-543,4015.87,07-21,CL,D-543,mobile,2023-12-27,2025-11-19T00:00:00,BCI,13412.47
CU-544,988.01,10-19,CO,D-544,mobile,2025-11-29,2026-03-07T00:00:00,DAV,4953.58
CU-545,2646.10,11-21,CO,D-545,mobile,2024-08-12,2025-11-23T00:00:00,DAV,19575.87
CU-546,4544.51,06-18,PE,D-546,mobile,2022-07-11,2025-11-13T00:00:00,IBK,21583.11
CU-547,1294.63,10-18,CL,D-547,web,2022-12-18,2025-11-19T00:00:00,BCI,4047.01
CU-548,1838.68,07-21,CO,D-548,mobile,2022-09-21,2025-11-21T00:00:00,DAV,10233.86
CU-549,739.47,06-21,MX,D-549,mobile,2024-12-17,2025-01-13T00:00:00,BBVA,2894.11
CU-550,1663.32,06-20,PE,D-550,web,2025-11-20,2025-11-25T00:00:00,BCP,7640.37
CU-551,612.91,08-22,CO,D-551,web,2022-02-17,2025-11-13T00:00:00,BOG,4586.33
CU-552,1061.84,10-18,ES,D-552,mobile,2022-02-25,2025-11-02T00:00:00,SAN,7486.83
CU-553,2205.40,11-20,PE,D-553,web,2021-03-01,2025-11-16T00:00:00,IBK,10858.65
CU-554,2236.38,10-22,US,D-554,mobile,2020-11-07,2025-11-10T00:00:00,BAC,12502.23
CU-555,1148.57,09-21,MX,D-555,web,2023-08-09,2025-11-26T00:00:00,BBVA,3561.36
CU-556,853.54,09-22,CL,D-556,web,2023-02-15,2025-11-29T00:00:00,BCH,2641.47
CU-557,3706.00,10-18,CO,D-557,mobile,2020-05-11,2025-11-05T00:00:00,BAN,11574.17
CU-558,1126.33,10-21,MX,D-558,mobile,2023-08-09,2025-11-07T00:00:00,BAN,7211.21
CU-559,4665.32,10-22,AR,D-559,mobile,2022-05-23,2025-11-25T00:00:00,SAN,36521.03
CU-560,2028.42,06-22,US,D-560,web,2024-10-07,2025-01-06T00:00:00,BAC,13449.55
CU-561,1898.11,08-19,CO,D-561,mobile,2023-05-19,2025-11-27T00:00:00,BOG,10661.75
CU-562,4615.42,06-21,CL,D-562,web,2023-07-03,2025-11-14T00:00:00,BCH,29024.44
CU-563,3243.69,11-20,PE,D-563,web,2022-08-18,2025-11-16T00:00:00,IBK,23930.14
CU-564,1582.08,10-20,US,D-564,mobile,2023-09-06,2025-11-18T00:00:00,WFC,11496.42
CU-565,1707.98,06-20,US,D-565,web,2022-02-03,2025-11-06T00:00:00,JPM,6296.47
CU-566,4766.70,10-20,CO,D-566,mobile,2022-07-09,2025-11-29T00:00:00,BOG,16253.63
CU-567,3269.50,08-20,CO,D-567,mobile,2024-08-07,2025-11-01T00:00:00,BOG,13367.56
CU-568,531.95,06-20,CO,D-568,mobile,2024-01-18,2025-11-04T00:00:00,BAN,2955.28
CU-569,3061.13,08-22,CO,D-569,mobile,2022-04-14,2025-11-16T00:00:00,BAN,23298.14
CU-570,795.77,09-21,CL,D-570,mobile,2021-06-14,2025-11-15T00:00:00,SAN,3779.10
CU-571,4326.23,08-22,PE,D-571,mobile,2024-04-17,2025-11-01T00:00:00,BBVA,20963.53
CU-572,1850.24,06-22,US,D-572,mobile,2024-07-25,2025-11-14T00:00:00,WFC,7863.27
CU-573,459.48,11-18,AR,D-573,web,2023-05-21,2025-11-03T00:00:00,BNA,3262.89
CU-574,3278.86,06-20,PE,D-574,mobile,2021-07-02,2025-11-21T00:00:00,IBK,15096.77
CU-575,3020.65,06-22,MX,D-575,mobile,2022-09-05,2025-11-05T00:00:00,BAN,12379.15
CU-576,101.11,09-19,CL,D-576,web,2022-01-18,2025-11-01T00:00:00,BCI,520.99
CU-577,683.79,09-22,US,D-577,web,2022-11-01,2025-11-10T00:00:00,JPM,4613.46
CU-578,4597.42,11-19,CL,D-578,mobile,2021-08-24,2025-11-24T00:00:00,SAN,24187.08
CU-579,3721.55,08-22,US,D-579,web,2021-07-22,2025-11-26T00:00:00,BAC,19737.87
CU-580,4945.32,07-19,CL,D-580,mobile,2021-01-04,2025-11-20T00:00:00,SAN,17243.51
CU-581,3561.22,11-18,CO,D-581,web,2023-10-19,2025-11-19T00:00:00,DAV,16690.20
CU-582,4154.87,11-18,AR,D-582,web,2020-08-15,2025-11-19T00:00:00,GAL,24005.79
CU-583,1527.67,08-22,AR,D-583,web,2023-03-09,2025-11-02T00:00:00,BNA,11865.43
CU-584,395.11,07-18,AR,D-584,mobile,2025-11-21,2026-02-17T00:00:00,SAN,2732.50
CU-585,700.24,08-18,ES,D-585,mobile,2022-02-01,2025-11-21T00:00:00,SAN,2516.17
CU-586,942.19,06-20,MX,D-586,web,2023-11-22,2025-11-26T00:00:00,BBVA,6766.91
CU-587,2562.08,06-18,CO,D-587,web,2023-05-07,2025-11-02T00:00:00,DAV,19888.36
CU-588,3797.23,08-19,US,D-588,mobile,2024-01-05,2025-11-06T00:00:00,BAC,25431.36
CU-589,3263.12,11-22,US,D-589,mobile,2022-02-06,2025-11-01T00:00:00,WFC,25302.54
CU-590,1128.50,09-20,US,D-590,web,2025-11-29,2026-01-03T00:00:00,JPM,8198.14
CU-591,667.53,10-22,US,D-591,web,2021-01-16,2025-11-06T00:00:00,WFC,3597.13
CU-592,2442.98,08-20,CL,D-592,web,2021-01-09,2025-11-23T00:00:00,BCI,18169.28
CU-593,3164.62,07-20,CL,D-593,web,2020-04-06,2025-11-07T00:00:00,SAN,18931.82
CU-594,4090.48,11-21,PE,D-594,web,2021-03-15,2025-11-19T00:00:00,BCP,23031.09
CU-595,3820.62,09-18,AR,D-595,web,2021-10-02,2025-11-18T00:00:00,SAN,19353.49
CU-596,1076.79,09-19,PE,D-596,web,2021-09-05,2025-11-11T00:00:00,BCP,5312.92
CU-597,494.85,11-18,PE,D-597,mobile,2024-09-02,2025-11-25T00:00:00,BBVA,3494.45
CU-598,1779.91,06-22,US,D-598,mobile,2021-11-21,2025-11-18T00:00:00,WFC,7852.68
CU-599,496.67,06-19,US,D-599,mobile,2025-11-18,2026-01-01T00:00:00,BAC,1989.82
CU-600,4462.16,10-21,US,D-600,web,2023-08-24,2025-11-11T00:00:00,JPM,20393.05
CU-601,2546.07,09-22,CL,D-601,web,2025-11-24,2026-01-14T00:00:00,SAN,13032.95
CU-602,1776.45,09-18,US,D-602,mobile,2024-03-02,2025-11-10T00:00:00,WFC,10382.95
CU-603,3834.66,06-20,CO,D-603,web,2021-03-08,2025-11-04T00:00:00,BAN,23034.50
CU-604,1762.18,09-22,AR,D-604,mobile,2020-01-25,2025-11-22T00:00:00,GAL,10427.01
CU-605,2374.60,11-21,CL,D-605,web,2022-10-26,2025-11-07T00:00:00,BCH,16012.03
CU-606,2464.75,08-21,ES,D-606,web,2021-11-02,2025-11-12T00:00:00,BBVA,11087.29
CU-607,4814.30,06-22,AR,D-607,mobile,2021-12-26,2025-11-28T00:00:00,GAL,14974.54
CU-608,1854.01,10-18,AR,D-608,mobile,2023-02-20,2025-11-27T00:00:00,GAL,11126.39
CU-609,3683.13,07-21,AR,D-609,mobile,2025-11-17,2025-12-20T00:00:00,BNA,20545.91
CU-610,2536.54,09-19,ES,D-610,mobile,2022-06-21,2025-11-08T00:00:00,CABK,14654.83
CU-611,2961.20,09-20,MX,D-611,web,2024-07-27,2025-11-11T00:00:00,SAN,15255.31
CU-612,910.95,10-22,PE,D-612,web,2022-06-17,2025-11-21T00:00:00,BCP,6543.04
CU-613,3551.24,07-22,CO,D-613,web,2021-12-06,2025-11-09T00:00:00,DAV,23546.23
CU-614,694.38,11-20,PE,D-614,mobile,2023-10-13,2025-11-10T00:00:00,BCP,4225.98
CU-615,4852.11,10-20,US,D-615,mobile,2020-10-02,2025-11-08T00:00:00,JPM,30730.49
CU-616,3154.56,09-18,US,D-616,mobile,2021-11-21,2025-11-10T00:00:00,JPM,22163.53
CU-617,1010.31,10-19,ES,D-617,web,2021-05-22,2025-11-12T00:00:00,BBVA,3383.12
CU-618,4477.68,06-18,US,D-618,mobile,2024-12-22,2025-02-03T00:00:00,BAC,34042.37
CU-619,158.81,06-20,US,D-619,mobile,2022-10-24,2025-11-21T00:00:00,BAC,964.12
CU-620,1259.39,06-20,US,D-620,mobile,2023-09-20,2025-11-12T00:00:00,BAC,5005.81
CU-621,2574.07,09-19,US,D-621,mobile,2020-11-23,2025-11-25T00:00:00,BAC,12650.05
CU-622,3623.47,06-22,US,D-622,mobile,2020-05-02,2025-11-03T00:00:00,WFC,21335.23
CU-623,2897.44,11-22,AR,D-623,mobile,2024-10-23,2025-11-17T00:00:00,SAN,21275.28
CU-624,2866.74,06-22,PE,D-624,mobile,2021-03-18,2025-11-19T00:00:00,BBVA,19461.96
CU-625,1481.40,06-21,US,D-625,web,2020-08-18,2025-11-16T00:00:00,JPM,5663.39
CU-626,413.01,08-22,CO,D-626,mobile,2022-10-26,2025-11-02T00:00:00,BOG,2774.26
CU-627,2710.85,10-21,US,D-627,web,2024-07-26,2025-11-24T00:00:00,WFC,16017.35
CU-628,3855.10,10-22,MX,D-628,web,2021-04-13,2025-11-21T00:00:00,BAN,17534.76
CU-629,1088.80,09-20,CL,D-629,web,2023-05-06,2025-11-04T00:00:00,BCI,7054.31
CU-630,4726.62,10-22,MX,D-630,web,2020-11-07,2025-11-13T00:00:00,SAN,36680.83
CU-631,1775.14,09-22,US,D-631,web,2023-12-26,2025-11-28T00:00:00,JPM,10103.77
CU-632,4574.83,11-21,CO,D-632,web,2021-02-13,2025-11-14T00:00:00,BOG,35184.59
CU-633,1450.28,06-18,MX,D-633,mobile,2022-10-11,2025-11-06T00:00:00,SAN,4813.44
CU-634,1997.39,08-19,ES,D-634,mobile,2023-02-16,2025-11-25T00:00:00,CABK,9759.27
CU-635,4029.02,08-18,MX,D-635,web,2021-11-03,2025-11-25T00:00:00,SAN,17606.59
CU-636,3005.98,10-18,CL,D-636,web,2021-12-10,2025-11-12T00:00:00,BCH,13365.25
CU-637,1909.84,07-18,CO,D-637,web,2022-10-22,2025-11-26T00:00:00,BAN,8966.17
CU-638,3998.74,09-18,CO,D-638,web,2025-11-18,2026-01-27T00:00:00,BOG,12143.23
CU-639,3489.43,11-20,CO,D-639,mobile,2020-12-26,2025-11-25T00:00:00,BOG,22984.23
CU-640,2273.46,11-21,AR,D-640,mobile,2022-06-17,2025-11-18T00:00:00,BNA,18151.41
CU-641,2191.61,09-22,ES,D-641,web,2023-10-23,2025-11-20T00:00:00,CABK,15590.05
CU-642,1625.77,10-18,US,D-642,web,2024-03-13,2025-11-14T00:00:00,BAC,9048.95
CU-643,3605.37,08-22,ES,D-643,web,2020-12-21,2025-11-27T00:00:00,BBVA,25607.95
CU-644,135.00,07-18,MX,D-644,web,2024-10-10,2025-11-06T00:00:00,SAN,1069.01
CU-645,345.86,06-21,PE,D-645,web,2024-05-17,2025-11-17T00:00:00,BCP,1071.21
CU-646,1025.09,09-22,AR,D-646,web,2022-04-18,2025-11-13T00:00:00,GAL,6199.26
CU-647,2885.32,08-18,ES,D-647,mobile,2023-10-06,2025-11-01T00:00:00,CABK,13500.65
CU-648,3113.84,11-21,ES,D-648,mobile,2020-12-05,2025-11-18T00:00:00,CABK,13740.60
CU-649,1467.14,06-18,MX,D-649,web,2021-05-03,2025-11-03T00:00:00,BBVA,7625.92
CU-650,2601.25,09-21,ES,D-650,web,2021-05-24,2025-11-16T00:00:00,CABK,12914.03
CU-651,1367.68,06-18,PE,D-651,web,2021-03-19,2025-11-22T00:00:00,IBK,8275.80
CU-652,4717.62,06-18,CO,D-652,web,2025-11-16,2026-01-17T00:00:00,DAV,30497.26
CU-653,3692.49,07-22,AR,D-653,web,2020-07-04,2025-11-13T00:00:00,GAL,13463.26
CU-654,382.93,09-22,PE,D-654,mobile,2022-08-14,2025-11-18T00:00:00,BBVA,3044.84
CU-655,3095.57,06-20,CO,D-655,web,2020-01-15,2025-11-28T00:00:00,BAN,21386.98
CU-656,2472.45,10-20,AR,D-656,web,2022-12-20,2025-11-21T00:00:00,BNA,16696.44
CU-657,1256.38,08-20,AR,D-657,web,2025-11-26,2026-02-19T00:00:00,GAL,9076.07
CU-658,490.06,09-19,CO,D-658,web,2020-02-12,2025-11-22T00:00:00,BOG,3229.53
CU-659,1923.01,07-21,AR,D-659,web,2025-11-29,2025-12-07T00:00:00,SAN,12674.25
CU-660,709.67,08-20,US,D-660,web,2023-04-07,2025-11-25T00:00:00,BAC,3995.78
CU-661,3470.07,09-22,AR,D-661,web,2023-08-25,2025-11-07T00:00:00,BNA,11241.53
CU-662,4747.75,09-19,US,D-662,mobile,2023-12-07,2025-11-02T00:00:00,BAC,26646.67
CU-663,3241.02,06-21,CL,D-663,mobile,2020-03-27,2025-11-06T00:00:00,SAN,19383.61
CU-664,3723.95,11-19,ES,D-664,web,2021-05-18,2025-11-03T00:00:00,CABK,13662.77
CU-665,4771.21,08-22,ES,D-665,web,2020-07-13,2025-11-04T00:00:00,BBVA,21225.40
CU-666,1269.88,11-20,MX,D-666,mobile,2021-09-27,2025-11-19T00:00:00,BBVA,6291.73
CU-667,4884.64,08-20,CO,D-667,mobile,2020-05-08,2025-11-22T00:00:00,BOG,21169.90
CU-668,2579.04,10-21,AR,D-668,mobile,2024-11-06,2025-11-04T00:00:00,BNA,8522.51
CU-669,3537.67,06-22,ES,D-669,mobile,2023-12-11,2025-11-22T00:00:00,CABK,13037.25
CU-670,4324.84,09-19,ES,D-670,mobile,2024-04-07,2025-11-13T00:00:00,SAN,15232.42
CU-671,2888.02,10-19,PE,D-671,web,2024-03-03,2025-11-26T00:00:00,IBK,19092.93
CU-672,953.37,07-19,ES,D-672,mobile,2022-08-11,2025-11-13T00:00:00,BBVA,7291.61
CU-673,710.61,09-18,US,D-673,mobile,2020-12-07,2025-11-17T00:00:00,JPM,5214.82
CU-674,3567.34,08-19,AR,D-674,mobile,2020-12-17,2025-11-08T00:00:00,BNA,24343.10
CU-675,1401.23,07-22,CL,D-675,mobile,2024-05-19,2025-11-10T00:00:00,BCI,5138.42
CU-676,3489.05,07-18,AR,D-676,mobile,2022-02-02,2025-11-13T00:00:00,BNA,15127.55
CU-677,4562.26,09-22,CL,D-677,web,2023-08-27,2025-11-26T00:00:00,BCH,14811.58
CU-678,1361.65,07-22,CO,D-678,mobile,2024-07-02,2025-11-15T00:00:00,DAV,7536.73
CU-679,2903.64,10-22,US,D-679,web,2023-03-24,2025-11-29T00:00:00,WFC,9068.71
CU-680,3513.78,08-18,MX,D-680,web,2021-11-04,2025-11-15T00:00:00,BAN,25990.10
CU-681,2619.71,08-21,CL,D-681,web,2020-11-06,2025-11-03T00:00:00,BCI,12604.65
CU-682,4149.31,09-22,US,D-682,web,2020-02-02,2025-11-06T00:00:00,JPM,32092.43
CU-683,1448.33,09-22,PE,D-683,web,2020-03-10,2025-11-14T00:00:00,BBVA,9287.50
CU-684,3344.94,11-21,US,D-684,mobile,2025-11-19,2025-12-03T00:00:00,WFC,11749.59
CU-685,158.40,08-21,CL,D-685,web,2025-11-27,2026-02-14T00:00:00,BCI,866.43
CU-686,4359.83,08-19,US,D-686,mobile,2022-06-14,2025-11-11T00:00:00,JPM,25081.46
CU-687,1043.22,10-20,AR,D-687,web,2024-08-20,2025-11-26T00:00:00,GAL,5414.54
CU-688,1777.74,06-19,US,D-688,web,2023-04-13,2025-11-22T00:00:00,WFC,10557.98
CU-689,4217.71,11-21,AR,D-689,web,2024-01-25,2025-11-25T00:00:00,SAN,33631.49
CU-690,4836.14,10-20,PE,D-690,web,2023-12-08,2025-11-29T00:00:00,BCP,36104.54
CU-691,3478.14,06-20,US,D-691,mobile,2021-09-09,2025-11-01T00:00:00,WFC,21361.82
CU-692,1002.10,11-22,CO,D-692,mobile,2024-10-06,2025-11-02T00:00:00,DAV,6530.07
CU-693,4188.85,09-22,ES,D-693,web,2023-01-01,2025-11-27T00:00:00,SAN,13257.96
CU-694,4774.29,06-20,AR,D-694,web,2022-08-22,2025-11-12T00:00:00,BNA,36161.31
CU-695,1137.40,07-20,ES,D-695,mobile,2022-01-19,2025-11-15T00:00:00,CABK,7298.86
CU-696,3009.05,07-20,ES,D-696,web,2024-03-13,2025-11-11T00:00:00,BBVA,23830.64
CU-697,4540.07,07-20,CL,D-697,web,2023-07-17,2025-11-01T00:00:00,BCH,35124.25
CU-698,1107.55,09-21,US,D-698,web,2023-12-13,2025-11-28T00:00:00,WFC,5004.66
CU-699,555.79,06-18,US,D-699,web,2020-05-19,2025-11-24T00:00:00,WFC,3706.13
CU-700,4216.09,09-21,ES,D-700,mobile,2023-05-18,2025-11-16T00:00:00,SAN,20361.59
CU-701,1224.03,09-21,CL,D-701,web,2024-06-26,2025-11-17T00:00:00,BCI,4532.53
CU-702,2181.44,06-22,US,D-702,mobile,2022-01-03,2025-11-07T00:00:00,BAC,9201.48
CU-703,4012.92,08-18,CO,D-703,web,2024-02-16,2025-11-12T00:00:00,BAN,20669.40
CU-704,2245.05,08-22,PE,D-704,mobile,2025-11-24,2025-12-25T00:00:00,BBVA,17292.47
CU-705,4768.89,07-18,PE,D-705,web,2023-04-18,2025-11-25T00:00:00,BCP,29404.47
CU-706,3633.17,11-19,MX,D-706,web,2024-04-18,2025-11-17T00:00:00,SAN,15169.05
CU-707,3296.18,08-19,AR,D-707,mobile,2024-10-18,2025-11-20T00:00:00,GAL,10004.61
CU-708,4046.93,10-21,CL,D-708,mobile,2020-12-20,2025-11-08T00:00:00,SAN,28229.57
CU-709,765.15,10-18,US,D-709,mobile,2020-03-18,2025-11-29T00:00:00,WFC,3074.97
CU-710,1377.24,06-19,US,D-710,mobile,2022-04-25,2025-11-13T00:00:00,WFC,10922.73
CU-711,4122.16,06-19,MX,D-711,mobile,2020-12-12,2025-11-02T00:00:00,BAN,18671.22
CU-712,2467.36,07-21,US,D-712,mobile,2022-09-02,2025-11-07T00:00:00,WFC,11862.33
CU-713,2720.52,10-20,US,D-713,web,2024-06-11,2025-11-26T00:00:00,JPM,20221.56
CU-714,2113.62,07-20,CL,D-714,mobile,2021-02-21,2025-11-08T00:00:00,SAN,13143.76
CU-715,1458.01,11-19,CO,D-715,web,2024-12-08,2025-03-15T00:00:00,BAN,11365.80
CU-716,1042.50,06-20,MX,D-716,web,2025-11-29,2026-02-08T00:00:00,SAN,3172.43
CU-717,197.87,07-20,AR,D-717,web,2025-11-16,2025-12-27T00:00:00,BNA,1011.80
CU-718,3618.53,08-22,CO,D-718,web,2021-12-08,2025-11-10T00:00:00,BAN,25871.40
CU-719,2136.58,11-22,ES,D-719,web,2022-07-01,2025-11-18T00:00:00,SAN,13105.81
CU-720,1857.84,06-19,PE,D-720,web,2021-01-06,2025-11-18T00:00:00,BBVA,5580.47
CU-721,3011.27,06-21,US,D-721,web,2025-11-21,2026-01-21T00:00:00,JPM,12803.02
CU-722,4175.45,11-19,CL,D-722,mobile,2022-06-19,2025-11-16T00:00:00,BCI,15646.17
CU-723,4656.68,10-18,US,D-723,web,2022-09-15,2025-11-02T00:00:00,JPM,35544.10
CU-724,3581.07,07-20,AR,D-724,web,2021-08-27,2025-11-23T00:00:00,BNA,23543.72
CU-725,2206.24,06-21,ES,D-725,web,2022-11-25,2025-11-04T00:00:00,SAN,17350.36
CU-726,123.86,10-19,ES,D-726,web,2020-02-05,2025-11-16T00:00:00,CABK,701.86
CU-727,4980.37,07-22,CO,D-727,mobile,2023-10-09,2025-11-16T00:00:00,DAV,17521.86
CU-728,3541.79,08-19,CL,D-728,mobile,2022-08-26,2025-11-03T00:00:00,SAN,24616.91
CU-729,3119.82,06-22,CO,D-729,mobile,2025-11-24,2025-12-11T00:00:00,BAN,19089.30
CU-730,756.72,06-22,CO,D-730,mobile,2022-06-23,2025-11-04T00:00:00,BAN,4814.06
CU-731,3476.99,07-21,CO,D-731,mobile,2023-02-24,2025-11-22T00:00:00,BOG,25210.49
CU-732,1516.84,08-22,CO,D-732,web,2020-02-24,2025-11-01T00:00:00,BOG,9443.47
CU-733,183.15,09-21,CL,D-733,web,2020-02-08,2025-11-03T00:00:00,SAN,1159.29
CU-734,4131.02,10-21,MX,D-734,web,2024-04-06,2025-11-18T00:00:00,BBVA,22787.13
CU-735,3849.23,11-18,PE,D-735,web,2020-01-19,2025-11-13T00:00:00,IBK,23347.82
CU-736,870.30,08-20,ES,D-736,mobile,2024-02-22,2025-11-25T00:00:00,CABK,3130.68
CU-737,3149.28,09-22,AR,D-737,web,2021-04-16,2025-11-13T00:00:00,BNA,9457.72
CU-738,4819.16,11-21,PE,D-738,mobile,2025-11-16,2026-02-10T00:00:00,BBVA,29472.49
CU-739,1844.73,07-21,PE,D-739,web,2024-06-16,2025-11-10T00:00:00,BBVA,6703.77
CU-740,4346.32,07-22,ES,D-740,web,2022-10-18,2025-11-23T00:00:00,SAN,15338.09
CU-741,2580.09,06-22,PE,D-741,web,2020-11-17,2025-11-14T00:00:00,BCP,12825.50
CU-742,4256.20,10-19,CL,D-742,mobile,2020-07-08,2025-11-09T00:00:00,BCH,32656.55
CU-743,3657.70,08-20,AR,D-743,web,2024-02-20,2025-11-04T00:00:00,GAL,15341.22
CU-744,4751.48,08-19,MX,D-744,web,2020-07-16,2025-11-26T00:00:00,BAN,22725.35
CU-745,2291.78,07-20,ES,D-745,mobile,2020-09-06,2025-11-27T00:00:00,SAN,9235.74
CU-746,3575.55,10-20,ES,D-746,mobile,2020-07-01,2025-11-13T00:00:00,BBVA,21157.00
CU-747,2366.79,06-19,AR,D-747,web,2021-08-27,2025-11-29T00:00:00,GAL,10266.27
CU-748,2644.11,09-19,MX,D-748,web,2022-09-27,2025-11-20T00:00:00,BAN,9614.31
CU-749,4582.00,06-21,CO,D-749,mobile,2023-06-10,2025-11-19T00:00:00,DAV,16349.63
CU-750,119.20,08-18,CL,D-750,mobile,2022-12-15,2025-11-11T00:00:00,BCH,477.22
CU-751,4412.76,08-19,ES,D-751,mobile,2023-04-04,2025-11-18T00:00:00,BBVA,27301.80
CU-752,4028.95,08-21,US,D-752,web,2024-11-05,2025-11-23T00:00:00,BAC,22406.21
CU-753,2488.14,08-18,CO,D-753,web,2023-12-03,2025-11-07T00:00:00,DAV,13751.37
CU-754,3431.86,06-22,US,D-754,web,2022-06-21,2025-11-20T00:00:00,BAC,22820.56
CU-755,4454.86,09-18,PE,D-755,web,2022-05-21,2025-11-18T00:00:00,BCP,23610.35
CU-756,1468.76,06-20,CL,D-756,mobile,2022-12-04,2025-11-13T00:00:00,SAN,6747.61
CU-757,3008.13,06-21,AR,D-757,mobile,2020-06-19,2025-11-06T00:00:00,SAN,11214.74
CU-758,3517.41,11-19,CL,D-758,web,2022-06-22,2025-11-01T00:00:00,SAN,25363.93
CU-759,1125.60,09-21,CL,D-759,web,2024-02-11,2025-11-10T00:00:00,BCI,7695.05
CU-760,4640.66,08-19,AR,D-760,mobile,2023-08-08,2025-11-08T00:00:00,SAN,35539.55
CU-761,613.70,07-19,PE,D-761,web,2021-07-08,2025-11-07T00:00:00,BBVA,3004.93
CU-762,331.40,10-19,AR,D-762,mobile,2021-02-12,2025-11-07T00:00:00,GAL,2504.29
CU-763,2815.09,07-19,ES,D-763,web,2023-11-08,2025-11-23T00:00:00,CABK,17817.14
CU-764,1156.01,07-19,CO,D-764,mobile,2020-03-18,2025-11-16T00:00:00,BAN,8077.16
CU-765,3628.55,09-18,CO,D-765,web,2022-08-10,2025-11-04T00:00:00,BOG,11560.95
CU-766,4596.24,08-18,US,D-766,web,2022-05-09,2025-11-11T00:00:00,BAC,14957.39
CU-767,4331.43,08-21,MX,D-767,web,2021-09-15,2025-11-29T00:00:00,BBVA,31089.71
CU-768,4811.90,10-21,PE,D-768,web,2023-08-13,2025-11-27T00:00:00,BCP,31604.74
CU-769,1116.81,10-18,AR,D-769,mobile,2020-10-02,2025-11-24T00:00:00,SAN,5525.05
CU-770,4763.34,10-21,US,D-770,web,2022-12-23,2025-11-24T00:00:00,BAC,21709.21
CU-771,3936.33,08-20,PE,D-771,mobile,2024-11-08,2025-11-15T00:00:00,IBK,18929.19
CU-772,2668.85,09-22,PE,D-772,web,2023-01-13,2025-11-26T00:00:00,BCP,9132.42
CU-773,3456.53,08-18,MX,D-773,web,2023-09-15,2025-11-08T00:00:00,BAN,21925.99
CU-774,1645.54,08-21,US,D-774,web,2020-01-25,2025-11-22T00:00:00,WFC,8404.69
CU-775,562.55,06-21,MX,D-775,mobile,2023-08-03,2025-11-20T00:00:00,SAN,3474.95
CU-776,4048.24,09-22,CO,D-776,mobile,2025-11-15,2026-01-11T00:00:00,BAN,32372.49
CU-777,959.14,08-19,AR,D-777,mobile,2021-08-09,2025-11-13T00:00:00,BNA,6107.85
CU-778,418.01,09-18,US,D-778,web,2024-02-27,2025-11-08T00:00:00,WFC,1379.66
CU-779,4588.08,10-18,CL,D-779,mobile,2022-09-13,2025-11-13T00:00:00,BCI,35506.45
CU-780,363.12,11-22,MX,D-780,mobile,2022-09-19,2025-11-15T00:00:00,SAN,2419.97
CU-781,2590.94,11-22,CL,D-781,web,2021-06-08,2025-11-20T00:00:00,BCI,15982.91
CU-782,788.49,09-20,CL,D-782,mobile,2021-01-27,2025-11-18T00:00:00,BCH,4968.81
CU-783,2661.28,11-22,MX,D-783,web,2023-10-12,2025-11-12T00:00:00,SAN,13253.90
CU-784,1075.87,07-21,PE,D-784,web,2021-06-26,2025-11-20T00:00:00,IBK,5036.93
CU-785,2975.07,06-22,US,D-785,mobile,2020-10-20,2025-11-11T00:00:00,BAC,22039.84
CU-786,2624.44,09-20,ES,D-786,web,2020-10-27,2025-11-16T00:00:00,BBVA,11401.37
CU-787,203.08,08-21,CO,D-787,mobile,2024-02-02,2025-11-22T00:00:00,BAN,673.82
CU-788,2803.27,07-19,CL,D-788,mobile,2020-06-23,2025-11-24T00:00:00,BCI,9285.55
CU-789,3634.00,08-21,US,D-789,web,2023-12-17,2025-11-10T00:00:00,WFC,25646.34
CU-790,371.26,09-20,CO,D-790,mobile,2022-01-04,2025-11-23T00:00:00,DAV,1947.41
CU-791,4002.61,06-19,ES,D-791,web,2020-08-08,2025-11-12T00:00:00,SAN,26568.59
CU-792,3186.37,10-20,CO,D-792,web,2021-04-16,2025-11-07T00:00:00,BAN,13971.51
CU-793,422.41,11-18,PE,D-793,mobile,2024-05-20,2025-11-23T00:00:00,BCP,1573.95
CU-794,2669.14,10-18,CL,D-794,mobile,2022-09-12,2025-11-04T00:00:00,BCH,11735.48
CU-795,1809.47,10-18,ES,D-795,mobile,2022-02-07,2025-11-25T00:00:00,CABK,12098.29
CU-796,3173.84,10-19,MX,D-796,mobile,2024-05-17,2025-11-12T00:00:00,SAN,10791.35
CU-797,1861.38,10-19,PE,D-797,mobile,2022-08-06,2025-11-26T00:00:00,IBK,14195.70
CU-798,4353.04,08-22,CO,D-798,web,2021-03-04,2025-11-06T00:00:00,BAN,25224.85
CU-799,1748.33,11-18,PE,D-799,web,2020-03-06,2025-11-10T00:00:00,IBK,8165.62
CU-800,2656.97,09-18,ES,D-800,web,2021-09-14,2025-11-27T00:00:00,SAN,8674.16
CU-801,3799.17,10-19,MX,D-801,web,2024-09-02,2025-11-05T00:00:00,BAN,24637.86
CU-802,2844.57,10-18,US,D-802,web,2023-01-14,2025-11-04T00:00:00,JPM,9641.37
CU-803,3563.34,09-22,ES,D-803,mobile,2022-09-19,2025-11-02T00:00:00,CABK,26258.16
CU-804,2558.92,11-18,CO,D-804,web,2020-05-26,2025-11-27T00:00:00,BAN,13484.98
CU-805,1578.14,08-18,AR,D-805,web,2023-12-12,2025-11-11T00:00:00,BNA,8256.47
CU-806,2798.38,09-20,PE,D-806,web,2021-10-10,2025-11-04T00:00:00,IBK,11128.58
CU-807,525.07,06-22,MX,D-807,mobile,2020-06-18,2025-11-09T00:00:00,BBVA,2549.93
CU-808,2558.33,08-22,AR,D-808,mobile,2022-10-01,2025-11-14T00:00:00,GAL,18008.49
CU-809,3495.10,07-19,CL,D-809,web,2022-04-20,2025-11-01T00:00:00,BCH,19654.21
CU-810,3232.94,06-22,PE,D-810,mobile,2023-02-06,2025-11-03T00:00:00,IBK,17693.83
CU-811,4484.26,08-22,ES,D-811,mobile,2021-06-15,2025-11-18T00:00:00,BBVA,15443.19
CU-812,4338.48,09-18,US,D-812,mobile,2023-02-11,2025-11-07T00:00:00,BAC,14438.01
CU-813,3674.14,06-19,PE,D-813,web,2021-05-20,2025-11-23T00:00:00,BCP,24925.17
CU-814,1726.80,11-21,US,D-814,web,2020-08-14,2025-11-05T00:00:00,WFC,5726.53
CU-815,745.38,10-22,AR,D-815,mobile,2021-06-14,2025-11-17T00:00:00,SAN,5457.68
CU-816,1615.91,10-18,US,D-816,mobile,2021-12-11,2025-11-20T00:00:00,BAC,11231.64
CU-817,1167.13,07-19,US,D-817,web,2020-08-26,2025-11-17T00:00:00,BAC,3646.46
CU-818,119.18,08-18,AR,D-818,mobile,2025-11-28,2026-01-15T00:00:00,BNA,911.68
CU-819,2770.91,09-21,MX,D-819,mobile,2020-09-22,2025-11-12T00:00:00,BAN,20186.48
CU-820,2134.03,08-22,PE,D-820,web,2024-07-19,2025-11-29T00:00:00,BCP,12538.18
CU-821,3954.26,10-22,PE,D-821,mobile,2023-12-18,2025-11-24T00:00:00,BCP,22997.27
CU-822,4724.49,07-22,CO,D-822,mobile,2021-01-26,2025-11-09T00:00:00,BOG,34532.33
CU-823,2437.84,06-19,MX,D-823,web,2023-03-25,2025-11-09T00:00:00,BAN,14113.62
CU-824,1591.11,09-18,CO,D-824,web,2021-09-17,2025-11-19T00:00:00,DAV,5286.47
CU-825,4865.36,11-22,US,D-825,mobile,2023-04-21,2025-11-08T00:00:00,BAC,21583.74
CU-826,2605.56,09-21,CO,D-826,mobile,2021-05-18,2025-11-10T00:00:00,BOG,12441.75
CU-827,2461.31,06-21,ES,D-827,web,2025-11-18,2025-11-27T00:00:00,CABK,18936.33
CU-828,4044.96,06-19,CL,D-828,web,2021-06-20,2025-11-13T00:00:00,BCH,26056.78
CU-829,1372.99,09-22,CO,D-829,web,2020-02-13,2025-11-11T00:00:00,DAV,6626.24
CU-830,2723.53,06-18,US,D-830,mobile,2024-11-18,2025-01-25T00:00:00,BAC,8879.69
CU-831,162.83,09-18,US,D-831,web,2020-04-04,2025-11-26T00:00:00,JPM,975.04
CU-832,4066.19,09-19,US,D-832,web,2021-06-06,2025-11-02T00:00:00,BAC,14728.44
CU-833,4814.76,07-22,CL,D-833,web,2023-08-10,2025-11-05T00:00:00,SAN,23839.99
CU-834,619.85,08-22,CO,D-834,mobile,2023-05-18,2025-11-18T00:00:00,DAV,4169.24
CU-835,2620.82,11-20,CL,D-835,mobile,2023-06-14,2025-11-26T00:00:00,BCI,20068.80
CU-836,4551.21,10-20,PE,D-836,mobile,2024-11-16,2025-11-25T00:00:00,IBK,28078.45
CU-837,452.34,11-18,CO,D-837,web,2021-10-09,2025-11-23T00:00:00,BOG,2245.50
CU-838,980.29,06-21,MX,D-838,web,2020-05-22,2025-11-08T00:00:00,SAN,5071.42
CU-839,1044.91,11-19,ES,D-839,web,2020-01-09,2025-11-23T00:00:00,CABK,7598.87
CU-840,123.93,11-21,MX,D-840,web,2022-02-11,2025-11-03T00:00:00,BBVA,948.07
CU-841,1979.48,07-18,AR,D-841,web,2021-08-10,2025-11-18T00:00:00,GAL,10704.92
CU-842,3434.78,09-20,CO,D-842,mobile,2020-04-17,2025-11-19T00:00:00,BAN,18600.47
CU-843,2138.75,10-20,ES,D-843,web,2024-11-20,2025-11-04T00:00:00,CABK,12096.78
CU-844,584.48,11-21,CO,D-844,web,2023-04-04,2025-11-13T00:00:00,BAN,2931.28
CU-845,3280.85,10-19,AR,D-845,mobile,2024-07-26,2025-11-24T00:00:00,SAN,17153.79
CU-846,341.81,09-22,US,D-846,mobile,2024-10-09,2025-01-13T00:00:00,BAC,2175.63
CU-847,330.13,06-18,AR,D-847,mobile,2024-11-15,2025-11-02T00:00:00,BNA,1772.42
CU-848,2289.18,08-22,ES,D-848,mobile,2022-05-17,2025-11-11T00:00:00,SAN,12949.20
CU-849,2058.63,08-21,CL,D-849,mobile,2023-07-14,2025-11-01T00:00:00,BCH,12974.20
CU-850,2407.00,09-19,AR,D-850,mobile,2020-06-12,2025-11-29T00:00:00,SAN,11782.34
CU-851,1832.52,06-20,US,D-851,mobile,2023-01-08,2025-11-14T00:00:00,JPM,13217.37
CU-852,1585.72,10-18,AR,D-852,mobile,2025-11-27,2026-01-26T00:00:00,SAN,7522.35
CU-853,3500.00,11-21,US,D-853,web,2025-11-23,2026-02-12T00:00:00,WFC,22850.78
CU-854,4122.12,06-20,PE,D-854,web,2022-01-05,2025-11-19T00:00:00,BCP,20346.44
CU-855,1795.93,10-21,AR,D-855,mobile,2024-03-09,2025-11-07T00:00:00,GAL,7107.58
CU-856,2570.89,10-18,MX,D-856,mobile,2022-03-20,2025-11-06T00:00:00,BBVA,11694.12
CU-857,4307.88,10-22,CL,D-857,web,2023-04-01,2025-11-04T00:00:00,BCI,27284.15
CU-858,1493.01,09-18,MX,D-858,mobile,2022-12-18,2025-11-12T00:00:00,BBVA,10921.10
CU-859,1403.50,10-18,CO,D-859,mobile,2025-11-23,2026-01-11T00:00:00,DAV,4760.16
CU-860,3472.27,06-18,PE,D-860,web,2022-08-05,2025-11-09T00:00:00,IBK,18537.56
CU-861,1436.69,11-19,PE,D-861,mobile,2020-10-26,2025-11-16T00:00:00,IBK,8047.12
CU-862,3417.76,11-22,CL,D-862,web,2022-08-02,2025-11-27T00:00:00,SAN,13379.21
CU-863,1888.73,09-21,AR,D-863,web,2024-10-01,2025-11-01T00:00:00,BNA,11059.39
CU-864,144.09,09-22,ES,D-864,mobile,2023-03-24,2025-11-11T00:00:00,CABK,636.16
CU-865,286.08,08-21,PE,D-865,mobile,2025-11-26,2026-01-29T00:00:00,BCP,919.99
CU-866,1617.04,10-22,US,D-866,web,2020-06-08,2025-11-21T00:00:00,BAC,12605.02
CU-867,3105.67,09-19,PE,D-867,mobile,2021-07-05,2025-11-18T00:00:00,IBK,12287.23
CU-868,2633.88,09-21,CL,D-868,web,2021-12-23,2025-11-13T00:00:00,BCH,14379.24
CU-869,3942.97,08-19,US,D-869,mobile,2020-06-17,2025-11-18T00:00:00,WFC,26661.09
CU-870,4566.80,11-19,CO,D-870,web,2024-09-07,2025-11-13T00:00:00,DAV,35296.26
CU-871,749.61,09-19,PE,D-871,web,2024-05-01,2025-11-20T00:00:00,IBK,2638.47
CU-872,4815.59,11-19,CL,D-872,mobile,2022-11-15,2025-11-20T00:00:00,BCH,28435.30
CU-873,3676.46,07-19,ES,D-873,web,2022-09-27,2025-11-24T00:00:00,CABK,19453.13
CU-874,1385.84,10-22,CO,D-874,mobile,2025-11-17,2025-12-05T00:00:00,BAN,9352.52
CU-875,574.41,07-22,ES,D-875,mobile,2021-12-04,2025-11-17T00:00:00,SAN,3963.67
CU-876,3879.00,07-18,CL,D-876,web,2021-09-25,2025-11-06T00:00:00,SAN,29374.23
CU-877,653.96,07-18,MX,D-877,mobile,2022-07-04,2025-11-05T00:00:00,SAN,3483.99
CU-878,1398.94,08-19,CL,D-878,mobile,2020-09-19,2025-11-05T00:00:00,BCI,7264.78
CU-879,3825.53,09-19,CL,D-879,mobile,2021-09-23,2025-11-13T00:00:00,SAN,14297.04
CU-880,3097.11,08-22,PE,D-880,web,2023-07-27,2025-11-25T00:00:00,IBK,13080.89
CU-881,744.67,10-19,AR,D-881,mobile,2024-09-10,2025-11-17T00:00:00,GAL,3511.77
CU-882,2851.76,06-22,CL,D-882,mobile,2021-09-27,2025-11-28T00:00:00,BCH,17298.35
CU-883,4357.13,07-18,CL,D-883,mobile,2025-11-22,2026-02-07T00:00:00,BCI,26140.29
CU-884,3507.51,10-20,CL,D-884,web,2021-01-24,2025-11-29T00:00:00,BCH,26557.82
CU-885,1399.90,11-20,US,D-885,web,2020-04-24,2025-11-16T00:00:00,JPM,7310.84
CU-886,1355.83,11-18,AR,D-886,mobile,2024-06-24,2025-11-22T00:00:00,BNA,5365.63
CU-887,1992.56,11-19,MX,D-887,mobile,2023-02-07,2025-11-16T00:00:00,BAN,14695.22
CU-888,1577.14,09-22,PE,D-888,web,2020-06-25,2025-11-13T00:00:00,IBK,11678.75
CU-889,2684.73,06-18,PE,D-889,mobile,2020-08-01,2025-11-05T00:00:00,BBVA,9478.84
CU-890,2514.63,07-19,CO,D-890,web,2022-12-11,2025-11-18T00:00:00,DAV,17622.77
CU-891,3189.05,11-21,MX,D-891,web,2020-12-20,2025-11-03T00:00:00,SAN,14311.99
CU-892,3967.52,07-22,AR,D-892,mobile,2020-11-23,2025-11-06T00:00:00,BNA,31197.14
CU-893,3073.45,07-18,PE,D-893,mobile,2023-01-25,2025-11-29T00:00:00,IBK,10265.48
CU-894,1049.57,07-22,US,D-894,web,2022-12-14,2025-11-09T00:00:00,WFC,8093.16
CU-895,2640.62,11-22,US,D-895,mobile,2023-11-20,2025-11-11T00:00:00,BAC,17083.01
CU-896,2497.68,10-20,AR,D-896,web,2020-06-22,2025-11-16T00:00:00,SAN,14445.11
CU-897,3264.22,08-21,MX,D-897,mobile,2020-04-19,2025-11-13T00:00:00,BAN,13009.65
CU-898,4389.28,09-18,ES,D-898,mobile,2022-05-02,2025-11-08T00:00:00,BBVA,16550.82
CU-899,4292.65,08-22,CO,D-899,mobile,2021-12-08,2025-11-10T00:00:00,BAN,15474.16
CU-900,485.62,08-21,MX,D-900,web,2020-03-13,2025-11-08T00:00:00,BAN,3853.64
CU-901,2849.64,07-19,CO,D-901,web,2020-11-01,2025-11-29T00:00:00,DAV,16945.18
CU-902,2843.97,10-20,CO,D-902,web,2022-10-06,2025-11-09T00:00:00,DAV,17433.31
CU-903,837.67,11-22,CO,D-903,mobile,2022-04-03,2025-11-24T00:00:00,BOG,2811.14
CU-904,538.65,09-22,ES,D-904,web,2024-03-21,2025-11-18T00:00:00,CABK,2436.75
CU-905,990.86,09-19,CL,D-905,web,2023-10-21,2025-11-21T00:00:00,BCI,3471.08
CU-906,1617.20,07-19,PE,D-906,web,2024-10-27,2025-11-03T00:00:00,IBK,6555.37
CU-907,1214.92,06-21,MX,D-907,web,2021-10-04,2025-11-18T00:00:00,SAN,9449.89
CU-908,3883.24,10-18,CL,D-908,mobile,2024-05-11,2025-11-21T00:00:00,SAN,20137.48
CU-909,1412.58,08-18,MX,D-909,web,2025-11-21,2026-01-19T00:00:00,SAN,7096.14
CU-910,1203.51,08-18,AR,D-910,mobile,2020-09-27,2025-11-12T00:00:00,BNA,5918.47
CU-911,4199.44,08-18,PE,D-911,web,2024-06-16,2025-11-25T00:00:00,BBVA,27271.87
CU-912,4283.94,07-18,CL,D-912,web,2022-11-18,2025-11-02T00:00:00,BCH,22265.04
CU-913,2531.98,10-18,US,D-913,web,2024-08-03,2025-11-28T00:00:00,WFC,8980.37
CU-914,2046.73,10-21,US,D-914,mobile,2024-07-01,2025-11-17T00:00:00,JPM,12983.98
CU-915,2760.10,07-22,PE,D-915,web,2024-06-02,2025-11-01T00:00:00,IBK,12792.26
CU-916,3072.78,06-21,MX,D-916,web,2021-07-18,2025-11-20T00:00:00,BAN,12893.56
CU-917,3956.18,08-21,CO,D-917,mobile,2020-10-19,2025-11-24T00:00:00,DAV,18887.71
CU-918,3102.15,06-19,PE,D-918,web,2021-07-16,2025-11-19T00:00:00,BCP,12789.89
CU-919,2550.97,10-21,US,D-919,web,2020-09-25,2025-11-02T00:00:00,WFC,15189.96
CU-920,4947.16,07-22,AR,D-920,web,2023-09-06,2025-11-20T00:00:00,SAN,17445.30
CU-921,2906.15,09-18,CL,D-921,web,2024-09-01,2025-11-13T00:00:00,SAN,17053.69
CU-922,4125.52,11-20,MX,D-922,mobile,2020-07-12,2025-11-24T00:00:00,BBVA,29304.43
CU-923,284.72,08-21,ES,D-923,mobile,2020-10-16,2025-11-04T00:00:00,CABK,2181.72
CU-924,2491.71,08-21,PE,D-924,mobile,2022-05-22,2025-11-09T00:00:00,BCP,16266.62
CU-925,2497.23,10-19,MX,D-925,web,2020-01-12,2025-11-09T00:00:00,SAN,8089.01
CU-926,4265.84,06-19,PE,D-926,web,2024-08-03,2025-11-26T00:00:00,BCP,19293.87
CU-927,962.59,07-22,CL,D-927,web,2021-09-07,2025-11-16T00:00:00,BCI,4507.09
CU-928,1134.92,08-22,CL,D-928,mobile,2020-06-22,2025-11-20T00:00:00,BCH,5223.67
CU-929,3747.65,08-18,MX,D-929,mobile,2024-12-09,2025-11-03T00:00:00,BBVA,20863.81
CU-930,3287.97,09-18,PE,D-930,mobile,2025-11-16,2025-12-14T00:00:00,IBK,19347.78
CU-931,300.66,07-20,MX,D-931,mobile,2022-07-07,2025-11-18T00:00:00,BBVA,1095.53
CU-932,2829.33,07-18,MX,D-932,mobile,2020-02-23,2025-11-22T00:00:00,BBVA,15767.45
CU-933,1080.76,06-21,US,D-933,mobile,2021-05-27,2025-11-11T00:00:00,JPM,7629.67
CU-934,4058.90,09-21,MX,D-934,web,2024-09-27,2025-11-23T00:00:00,SAN,27963.34
CU-935,2551.76,06-18,CO,D-935,mobile,2024-02-10,2025-11-05T00:00:00,BOG,17414.22
CU-936,955.59,11-20,US,D-936,mobile,2023-10-10,2025-11-01T00:00:00,JPM,4259.96
CU-937,1407.81,08-20,CL,D-937,mobile,2022-08-03,2025-11-07T00:00:00,SAN,9483.18
CU-938,1627.35,11-18,MX,D-938,mobile,2023-09-19,2025-11-04T00:00:00,SAN,12498.00
CU-939,3422.80,08-22,US,D-939,mobile,2023-01-20,2025-11-01T00:00:00,JPM,23117.42
CU-940,3259.13,11-21,CL,D-940,mobile,2022-06-04,2025-11-19T00:00:00,BCI,23478.53
CU-941,263.79,11-21,AR,D-941,mobile,2021-05-23,2025-11-06T00:00:00,GAL,978.85
CU-942,3234.90,08-19,ES,D-942,web,2020-08-22,2025-11-02T00:00:00,BBVA,11259.49
CU-943,2180.41,08-20,ES,D-943,mobile,2023-11-08,2025-11-26T00:00:00,BBVA,7495.97
CU-944,3205.86,10-19,CO,D-944,web,2023-08-14,2025-11-16T00:00:00,BAN,11756.99
CU-945,4048.70,08-19,PE,D-945,mobile,2020-04-12,2025-11-02T00:00:00,BBVA,25554.82
CU-946,875.59,06-21,PE,D-946,web,2023-06-01,2025-11-29T00:00:00,BBVA,3773.95
CU-947,4420.41,11-19,ES,D-947,mobile,2024-07-11,2025-11-29T00:00:00,SAN,34978.24
CU-948,2686.39,11-20,PE,D-948,web,2024-06-01,2025-11-16T00:00:00,BCP,12548.33
CU-949,226.14,08-22,CL,D-949,mobile,2022-10-02,2025-11-08T00:00:00,BCH,1400.32
CU-950,1505.40,11-20,AR,D-950,mobile,2024-05-01,2025-11-29T00:00:00,BNA,7744.44
CU-951,3296.09,09-18,CO,D-951,mobile,2020-12-23,2025-11-16T00:00:00,BOG,11916.22
CU-952,4933.11,10-21,MX,D-952,web,2023-12-18,2025-11-27T00:00:00,SAN,20699.90
CU-953,2134.55,08-21,US,D-953,web,2020-08-05,2025-11-28T00:00:00,BAC,16441.77
CU-954,4539.13,08-19,PE,D-954,mobile,2021-06-21,2025-11-12T00:00:00,IBK,17798.38
CU-955,2240.61,09-18,ES,D-955,mobile,2023-06-06,2025-11-15T00:00:00,SAN,9046.12
CU-956,4538.67,06-18,AR,D-956,web,2021-03-11,2025-11-24T00:00:00,SAN,32734.18
CU-957,1219.51,11-19,CL,D-957,web,2025-11-18,2025-12-28T00:00:00,SAN,7596.08
CU-958,1325.40,09-20,CO,D-958,web,2021-10-16,2025-11-13T00:00:00,BAN,9820.57
CU-959,2106.01,07-22,ES,D-959,web,2023-12-10,2025-11-04T00:00:00,CABK,9453.40
CU-960,3038.55,08-18,CO,D-960,web,2021-02-16,2025-11-22T00:00:00,BAN,9795.80
CU-961,364.83,08-19,PE,D-961,mobile,2023-03-13,2025-11-16T00:00:00,IBK,1813.36
CU-962,1651.35,11-18,PE,D-962,web,2022-04-13,2025-11-28T00:00:00,IBK,10783.80
CU-963,2503.23,10-21,CO,D-963,mobile,2020-03-19,2025-11-23T00:00:00,BAN,13500.48
CU-964,318.84,10-18,CL,D-964,web,2023-11-24,2025-11-11T00:00:00,BCI,1645.55
CU-965,3430.66,06-18,MX,D-965,mobile,2024-11-20,2025-02-24T00:00:00,SAN,22506.36
CU-966,974.41,09-20,PE,D-966,mobile,2022-01-18,2025-11-21T00:00:00,IBK,3386.27
CU-967,565.27,09-22,CL,D-967,web,2025-11-26,2026-02-12T00:00:00,SAN,2953.84
CU-968,654.37,10-22,MX,D-968,mobile,2021-06-09,2025-11-17T00:00:00,BBVA,3211.02
CU-969,790.26,11-21,AR,D-969,mobile,2022-02-04,2025-11-07T00:00:00,GAL,4753.47
CU-970,379.95,08-19,CL,D-970,mobile,2022-10-07,2025-11-29T00:00:00,BCI,2029.81
CU-971,3031.70,10-22,AR,D-971,mobile,2024-10-19,2025-11-05T00:00:00,SAN,10374.29
CU-972,1370.16,08-20,US,D-972,web,2025-11-21,2026-01-08T00:00:00,JPM,6924.85
CU-973,190.02,10-22,MX,D-973,web,2022-11-08,2025-11-20T00:00:00,BAN,877.01
CU-974,4210.96,10-22,CL,D-974,web,2024-12-11,2025-11-18T00:00:00,BCH,32869.03
CU-975,3174.24,08-21,CL,D-975,web,2021-04-25,2025-11-18T00:00:00,SAN,15003.74
CU-976,4956.18,06-21,ES,D-976,web,2021-08-27,2025-11-25T00:00:00,BBVA,25974.62
CU-977,3219.80,08-21,AR,D-977,mobile,2021-06-22,2025-11-12T00:00:00,BNA,12978.97
CU-978,1324.28,09-19,MX,D-978,web,2023-03-14,2025-11-05T00:00:00,BBVA,9114.74
CU-979,4126.08,08-21,US,D-979,web,2021-09-25,2025-11-21T00:00:00,BAC,28412.27
CU-980,1418.36,11-19,CO,D-980,mobile,2020-01-26,2025-11-15T00:00:00,BOG,7453.39
CU-981,593.69,08-18,ES,D-981,web,2025-11-20,2026-02-10T00:00:00,SAN,3876.45
CU-982,4567.03,10-21,PE,D-982,web,2023-05-25,2025-11-28T00:00:00,IBK,28127.76
CU-983,1359.88,11-20,MX,D-983,web,2020-02-27,2025-11-17T00:00:00,BBVA,5502.90
CU-984,1280.30,08-19,PE,D-984,mobile,2021-07-09,2025-11-26T00:00:00,BBVA,8516.66
CU-985,2711.09,07-22,PE,D-985,web,2022-01-09,2025-11-09T00:00:00,IBK,21019.17
CU-986,3675.42,07-21,AR,D-986,mobile,2024-04-06,2025-11-11T00:00:00,BNA,27812.72
CU-987,2105.20,09-18,ES,D-987,web,2021-10-12,2025-11-25T00:00:00,CABK,14748.73
CU-988,3061.47,08-18,US,D-988,mobile,2021-10-21,2025-11-14T00:00:00,BAC,13856.44
CU-989,4871.34,06-21,CO,D-989,mobile,2020-12-19,2025-11-22T00:00:00,BAN,33950.64
CU-990,4947.77,10-20,CL,D-990,web,2023-09-13,2025-11-25T00:00:00,BCH,15642.95
CU-991,2648.90,09-19,AR,D-991,web,2024-04-22,2025-11-27T00:00:00,BNA,20711.98
CU-992,2741.01,07-19,MX,D-992,mobile,2025-11-27,2026-01-16T00:00:00,BAN,13347.88
CU-993,4759.61,07-20,CO,D-993,web,2020-11-19,2025-11-29T00:00:00,BOG,36720.88
CU-994,3995.86,09-20,US,D-994,mobile,2023-06-11,2025-11-27T00:00:00,JPM,21579.44
CU-995,2507.90,06-18,PE,D-995,web,2022-03-27,2025-11-04T00:00:00,BBVA,10017.70
CU-996,1277.53,09-18,AR,D-996,web,2025-11-22,2026-02-26T00:00:00,SAN,4689.30
CU-997,376.37,06-20,CO,D-997,web,2024-10-24,2025-11-01T00:00:00,BOG,1514.35
CU-998,1740.61,09-19,CL,D-998,mobile,2020-02-05,2025-11-26T00:00:00,BCH,8274.31
CU-999,3812.90,10-22,CO,D-999,mobile,2022-03-01,2025-11-05T00:00:00,BAN,19183.64
CU-1000,3878.09,06-18,CL,D-1000,web,2021-07-10,2025-11-07T00:00:00,BCH,29049.30
